지역,아파트,면적,층,가격
강원도 강릉시,송정한신,116.175,10,18500
강원도 강릉시,강릉교동롯데캐슬1단지,135.1727,9,34300
강원도 강릉시,강릉교동롯데캐슬2단지,118.0686,2,32500
강원도 강릉시,교동이-편한세상,123.7566,3,32500
강원도 강릉시,현대하이빌,122.74,6,28500
강원도 강릉시,삼익그린맨션,164.754,12,21000
강원도 강릉시,양우내안애,114.6085,12,24800
강원도 강릉시,양우내안애,114.6085,7,24800
강원도 강릉시,강릉입암동금호어울림,123.09,8,27900
강원도 강릉시,이안강릉타운,122.72,8,25000
강원도 강릉시,강릉홍제힐스테이트,129.689,9,27200
강원도 강릉시,강릉홍제힐스테이트,129.689,8,29900
강원도 속초시,명지미래힐,118.0531,5,27500
강원도 속초시,현대1,121.98,9,16000
강원도 속초시,현대2,123.27,15,20500
강원도 속초시,보람레이크더하임,156.76,1,29500
강원도 양구군,서희스타힐스,114.4,10,28500
강원도 영월군,드림채,121.473,16,25500
강원도 원주시,원주개운휴먼시아1단지,116.92,4,25000
강원도 원주시,원주힐스테이트,133.9912,16,26000
강원도 원주시,원주힐스테이트,137.4292,14,24000
강원도 원주시,성일,114.99,1,11000
강원도 원주시,두산,134.97,12,19000
강원도 원주시,두산,134.97,13,17500
강원도 원주시,중앙하이츠아파트,133.8208,6,22500
강원도 원주시,동보노빌리티2,118.747,15,16500
강원도 원주시,무실e-편한세상,124.1326,7,37000
강원도 원주시,무실e-편한세상,153.7215,14,44600
강원도 원주시,요진보네르카운티,117.13,5,24700
강원도 원주시,요진보네르카운티,117.13,1,25000
강원도 원주시,반곡벽산블루밍1차,123.52,14,24000
강원도 원주시,원주반곡아이파크,117.4263,12,28800
강원도 원주시,원주반곡아이파크,158.4784,11,40700
강원도 원주시,원주반곡아이파크,117.4263,5,25500
강원도 원주시,원주신일유토빌,116.161,20,20000
강원도 원주시,원주더샾아파트,157.316,5,34000
강원도 원주시,원주더샾아파트,123.34,4,25700
강원도 원주시,건영,133.92,15,15000
강원도 춘천시,춘천KCC스위첸,125.17,7,24200
강원도 춘천시,한일유앤아이,127.9717,11,28000
강원도 춘천시,현대,134.99,5,23500
강원도 춘천시,현진에버빌1차,114.126,10,28250
강원도 춘천시,현진에버빌2차,126.25,13,35500
강원도 춘천시,현진에버빌2차,126.25,6,31200
강원도 춘천시,현진에버빌2차,126.25,2,29500
강원도 춘천시,보배,126.57,1,15000
강원도 춘천시,롯데인벤스,173.7,9,36500
강원도 춘천시,롯데인벤스,122.13,15,20500
강원도 춘천시,롯데인벤스,122.13,14,25000
강원도 춘천시,금호2차,116.94,1,12000
강원도 춘천시,금호2차,134.43,5,15900
강원도 춘천시,금호2차,134.43,3,14900
강원도 춘천시,금호2차,116.94,6,14500
강원도 춘천시,금호2차,116.94,11,16000
강원도 춘천시,쌍용스윗닷홈,123.578,2,27000
강원도 춘천시,쌍용스윗닷홈,123.578,16,28000
강원도 춘천시,쌍용스윗닷홈,123.578,14,27900
강원도 춘천시,유승한내들,116.6708,15,32500
강원도 춘천시,중앙하이츠빌1단지,120.2572,6,25800
강원도 춘천시,휴먼시아남춘천1단지,121.95,11,34000
강원도 춘천시,동아,135,3,13800
강원도 춘천시,춘천더샵,127.2412,18,28500
강원도 춘천시,춘천더샵,145.5773,25,30900
강원도 춘천시,한신,128.79,14,16500
강원도 춘천시,한신,128.79,13,15500
경기도 가평군,청평세양청마루,121.056,12,26500
경기도 고양덕양구,푸른마을2단지,114.75,14,26900
경기도 고양덕양구,유승(126),115.11,7,26300
경기도 고양덕양구,삼성래미안,117.99,7,47000
경기도 고양덕양구,신원당(삼보),114.33,2,34500
경기도 고양덕양구,원당대림e-편한세상,112.242,17,45000
경기도 고양덕양구,능곡현대홈타운2,122.814,4,45500
경기도 고양덕양구,무원마을(동신),134.88,2,38500
경기도 고양덕양구,일신건영아파트(햇빛마을),134.82,8,44500
경기도 고양덕양구,일신건영아파트(햇빛마을),164.97,7,42000
경기도 고양덕양구,햇빛마을21단지,134.64,13,38000
경기도 고양덕양구,달빛마을4단지,133.89,18,42000
경기도 고양덕양구,은빛(미도파)5,134.97,6,43000
경기도 고양덕양구,은빛삼익건설(5),134.97,1,38000
경기도 고양일산동구,백마마을(한양4),134.96,20,46000
경기도 고양일산동구,백마마을(한양4),134.96,8,49000
경기도 고양일산동구,위시티 휴먼빌,117.21,16,36000
경기도 고양일산동구,위시티블루밍3단지,122.83,12,43500
경기도 고양일산동구,위시티블루밍3단지,123.08,14,45600
경기도 고양일산동구,위시티블루밍3단지,123.08,5,46100
경기도 고양일산동구,위시티블루밍3단지,122.83,16,45500
경기도 고양일산동구,위시티블루밍3단지,122.83,24,48500
경기도 고양일산동구,위시티블루밍3단지,122.83,12,45000
경기도 고양일산동구,위시티일산자이2단지,115.9254,27,47900
경기도 고양일산동구,산들마을2(대림),134.926,15,37200
경기도 고양일산동구,산들마을2(대림),134.926,19,37000
경기도 고양일산동구,산들마을2(대림),134.926,11,35700
경기도 고양일산동구,숲속마을5단지(I-PARK),124.28,7,43700
경기도 고양일산동구,숲속마을9단지(성원),122.8,14,40000
경기도 고양일산동구,숲속마을9단지(성원),122.8,16,40000
경기도 고양일산동구,쌍용,172.4112,12,43000
경기도 고양일산서구,가좌마을6단지벽산,124.944,7,36000
경기도 고양일산서구,청원벽산블루밍3단지,117.68,9,29700
경기도 고양일산서구,현대I-PARK(9),119.6924,3,40500
경기도 고양일산서구,현대I-PARK(9),119.6924,15,45500
경기도 고양일산서구,현대I-PARK(9),119.6924,7,44250
경기도 고양일산서구,동양라파크,129.8794,12,34000
경기도 고양일산서구,하이파크시티 일산아이파크1단지,124.8758,20,42000
경기도 고양일산서구,하이파크시티 일산아이파크1단지,124.8758,4,41000
경기도 고양일산서구,하이파크시티 일산아이파크1단지,127.8739,4,40800
경기도 고양일산서구,하이파크시티 일산아이파크5단지,127.8739,4,41500
경기도 고양일산서구,하이파크시티 일산파밀리에2단지,129.79,8,47400
경기도 고양일산서구,하이파크시티 일산파밀리에2단지,121.45,15,42500
경기도 고양일산서구,하이파크시티 일산파밀리에2단지,121.45,16,43500
경기도 고양일산서구,하이파크시티 일산파밀리에2단지,129.79,15,47700
경기도 고양일산서구,하이파크시티 일산파밀리에2단지,129.79,9,47400
경기도 고양일산서구,하이파크시티 일산파밀리에2단지,129.79,8,47400
경기도 고양일산서구,하이파크시티 일산파밀리에2단지,121.45,14,45300
경기도 고양일산서구,하이파크시티 일산파밀리에3단지,121.45,10,42000
경기도 고양일산서구,하이파크시티 일산파밀리에3단지,129.79,11,47400
경기도 고양일산서구,하이파크시티일산파밀리에4단지,121.45,9,47000
경기도 고양일산서구,하이파크시티일산파밀리에4단지,121.45,26,47600
경기도 고양일산서구,하이파크시티일산파밀리에4단지,129.79,4,47400
경기도 고양일산서구,하이파크시티일산파밀리에4단지,129.79,25,47400
경기도 고양일산서구,하이파크시티일산파밀리에4단지,146.51,2,49700
경기도 고양일산서구,하이파크시티일산파밀리에4단지,129.79,5,47400
경기도 고양일산서구,하이파크시티일산파밀리에4단지,121.45,11,46200
경기도 고양일산서구,하이파크시티일산파밀리에4단지,129.79,4,47400
경기도 고양일산서구,산들마을3단지,116.707,4,31700
경기도 고양일산서구,산들마을3단지,116.707,13,33000
경기도 고양일산서구,산들마을3단지,116.707,15,32000
경기도 고양일산서구,일산동문(600-32),134.79,1,26300
경기도 고양일산서구,일신삼익,134.64,13,29500
경기도 고양일산서구,일신삼익,134.64,20,30650
경기도 고양일산서구,후곡마을(동신),116.85,8,47200
경기도 고양일산서구,후곡마을(영풍),128.82,6,47000
경기도 고양일산서구,후곡마을(임광),130.23,17,48800
경기도 고양일산서구,후곡마을(청구),134.87,13,47300
경기도 고양일산서구,후곡마을(청구),134.87,12,49000
경기도 고양일산서구,후곡마을(한진),128.82,5,41500
경기도 고양일산서구,강선마을(건영),132.12,2,44000
경기도 고양일산서구,강선마을(건영),132.12,12,49500
경기도 고양일산서구,강선마을(건영),132.12,3,45000
경기도 고양일산서구,문촌마을(라이프),127.14,8,48000
경기도 고양일산서구,일산 임광진흥 아파트,124.06,15,38700
경기도 고양일산서구,일산 임광진흥 아파트,124.06,13,35000
경기도 고양일산서구,일산 임광진흥 아파트,124.06,15,37500
경기도 고양일산서구,"큰마을대림,현대아파트",134.97,14,28600
경기도 고양일산서구,"큰마을대림,현대아파트",163.43,18,29800
경기도 고양일산서구,"큰마을대림,현대아파트",134.97,20,31000
경기도 고양일산서구,"큰마을대림,현대아파트",134.97,15,31000
경기도 고양일산서구,"큰마을대림,현대아파트",114.93,15,28000
경기도 고양일산서구,"큰마을대림,현대아파트",134.97,4,29800
경기도 고양일산서구,"큰마을대림,현대아파트",163.43,17,29500
경기도 광주시,쌍용2,114.876,1,24000
경기도 광주시,금강펜테리움2단지,132.4827,14,36500
경기도 광주시,송정동현대아이파크,120.584,18,35000
경기도 광주시,금호,125.689,13,30300
경기도 광주시,오포롯데캐슬포레스트,133.4858,1,39500
경기도 광주시,오포롯데캐슬포레스트,127.8968,3,45000
경기도 광주시,현대모닝사이드1-A,150.455,13,44900
경기도 광주시,현대모닝사이드1-B,150.455,11,41000
경기도 광주시,현대모닝사이드1-B,150.455,12,44500
경기도 광주시,벽산블루밍1단지,122.24,5,36200
경기도 광주시,우림푸른마을,136.21,11,22000
경기도 광주시,코아루햇빛마을,143.77,14,25800
경기도 광주시,우림루미아트,125.8375,16,26000
경기도 광주시,현대,134.806,16,39900
경기도 광주시,현대,134.806,10,37000
경기도 광주시,성원,134.16,18,30000
경기도 광주시,성원2,134.94,2,29000
경기도 광주시,성원2,134.94,18,32000
경기도 광주시,성원2,134.94,14,29500
경기도 광주시,성원3,134.94,10,33200
경기도 광주시,성원3,134.94,8,28500
경기도 광주시,성원3,134.94,17,31500
경기도 구리시,원일아름,140.17,2,45500
경기도 군포시,무궁화,134.74,7,44200
경기도 군포시,삼익소월,129.99,5,48500
경기도 군포시,삼익소월,129.99,7,45500
경기도 군포시,동아(900),119.35,11,37300
경기도 군포시,쌍용(873),125,5,46500
경기도 군포시,"당정마을누리에뜰(105,106동)",123.339,5,36000
경기도 군포시,당정마을엘지,130.1887,8,42200
경기도 군포시,휴먼시아(4단지),121.65,10,44000
경기도 군포시,휴먼시아(4단지),121.72,6,42500
경기도 군포시,휴먼시아(4단지),121.72,9,42000
경기도 군포시,휴먼시아(4단지),121.72,14,43400
경기도 군포시,동백(우성),134.97,18,49200
경기도 군포시,한양목련,151.397,21,49500
경기도 군포시,한양목련,128.114,22,45000
경기도 군포시,한양목련,126.834,16,47500
경기도 김포시,김포한강신안실크밸리3차,118.014,2,34900
경기도 김포시,푸른마을(신안),128.494,2,24600
경기도 김포시,오스타파라곤2단지,118.93,11,43500
경기도 김포시,오스타파라곤3단지,120.55,7,45750
경기도 김포시,강변마을 월드메르디앙아파트,129.777,7,49400
경기도 김포시,숲속마을대우,134.83,1,36500
경기도 김포시,오룡마을한화,137.818,10,40000
경기도 김포시,한가람마을(우미린),128.9366,5,41600
경기도 김포시,한가람마을(우미린),128.9366,13,40700
경기도 김포시,한가람마을(우미린),128.9366,15,40000
경기도 김포시,한가람마을(우미린),128.9366,11,41500
경기도 김포시,풍년마을(신일),126.015,6,34000
경기도 김포시,풍년마을(신일),126.015,7,36000
경기도 김포시,풍년마을(신일),126.015,13,35000
경기도 김포시,농장마을(신안),168.33,5,28000
경기도 김포시,전원마을(월드3차1단지),123.69,1,25700
경기도 김포시,전원마을(월드3차1단지),123.69,11,27200
경기도 김포시,전원마을(월드3차1단지),123.69,17,27500
경기도 김포시,전원마을(월드4차2단지),164.97,12,34500
경기도 김포시,전원마을(월드4차2단지),164.97,4,36000
경기도 김포시,전원마을(월드5차3단지),134.95,5,27500
경기도 김포시,고창마을(반도유보라),125.2332,8,42300
경기도 김포시,청송마을(현대2),205.854,6,46000
경기도 김포시,청송마을(현대2),134.737,12,30000
경기도 김포시,청송마을중흥에스-클래스,112.4662,24,39000
경기도 김포시,초당마을(우남퍼스트빌),114.33,11,42300
경기도 김포시,초당마을(우남퍼스트빌),114.33,23,46000
경기도 김포시,초당마을(우미린),123.8019,10,41500
경기도 김포시,당곡마을(월드메르디앙),116.5794,7,29900
경기도 김포시,당곡마을(현대),115.2209,17,29000
경기도 김포시,양도마을(서해그랑블),134.6076,2,36000
경기도 김포시,양도마을(서해그랑블),146.9714,3,37650
경기도 김포시,양도마을(서해그랑블),167.6654,8,36000
경기도 김포시,유현마을(신동아),140.23,9,32900
경기도 김포시,유현마을(신동아),140.23,4,29200
경기도 김포시,유현마을(현대프라임빌),134.52,4,35000
경기도 김포시,유현마을(현대프라임빌),118.63,17,31300
경기도 남양주시,금곡gs,137.84,16,32900
경기도 남양주시,도농센트레빌,114.93,4,49500
경기도 남양주시,도농센트레빌,114.93,5,49000
경기도 남양주시,롯데낙천대,114.89,13,40000
경기도 남양주시,롯데낙천대,114.89,13,42800
경기도 남양주시,부영e그린2차,124.619,11,47900
경기도 남양주시,부영e그린2차,124.619,10,46500
경기도 남양주시,부영e그린3차,124.619,18,44400
경기도 남양주시,"부영e그린4,5차",162.454,22,49500
경기도 남양주시,"부영e그린4,5차",124.619,14,48400
경기도 남양주시,"부영e그린4,5차",124.619,17,48900
경기도 남양주시,청학주공(5단지),118.61,10,33000
경기도 남양주시,대림e편한세상1단지,124.283,7,36300
경기도 남양주시,대림e편한세상1단지,124.283,1,36450
경기도 남양주시,대림e편한세상1단지,124.283,16,40000
경기도 남양주시,덕소강변현대,133.07,8,47000
경기도 남양주시,동부센트레빌,134.04,3,45500
경기도 남양주시,동부센트레빌,134.33,15,48000
경기도 남양주시,현대,134.005,6,33000
경기도 남양주시,덕소두산위브,134.698,3,43900
경기도 남양주시,덕소쌍용,134.919,14,44000
경기도 남양주시,덕소쌍용,134.919,9,38900
경기도 남양주시,신도브래뉴,134.4561,2,40500
경기도 남양주시,신도브래뉴,134.6133,7,42300
경기도 남양주시,신도브래뉴,134.4561,15,49000
경기도 남양주시,신도브래뉴,134.4561,6,45500
경기도 남양주시,신도브래뉴,134.6133,6,40800
경기도 남양주시,신영지웰,129.459,12,43350
경기도 남양주시,신영지웰,128.708,11,40900
경기도 남양주시,신영지웰,129.459,7,44800
경기도 남양주시,원일플로라,127.462,2,33900
경기도 남양주시,한신,119.96,5,24300
경기도 남양주시,진접센트레빌시티3단지,125.9,4,32500
경기도 남양주시,진접센트레빌시티3단지,125.9,1,25000
경기도 남양주시,진접하우스토리,121.616,7,34300
경기도 남양주시,극동,114.85,2,33200
경기도 남양주시,극동,114.85,10,33000
경기도 남양주시,성원,133.44,11,37000
경기도 남양주시,평내마을중흥에스-클래스(1단지),121.8528,17,31500
경기도 남양주시,평내마을중흥에스-클래스(1단지),121.8528,15,31900
경기도 남양주시,호평마을신명스카이뷰하트,132.0907,2,34500
경기도 남양주시,호평마을중흥에스-클래스,121.7573,4,35700
경기도 남양주시,호평마을중흥에스-클래스,121.7573,6,35500
경기도 남양주시,호평마을중흥에스-클래스,121.7573,19,38000
경기도 남양주시,호평마을중흥에스-클래스로하스,158.7067,11,42000
경기도 남양주시,호평마을중흥에스-클래스로하스,132.8574,3,32000
경기도 남양주시,호평마을중흥에스-클래스로하스,158.7067,17,36900
경기도 남양주시,호평마을중흥에스-클래스로하스,132.8574,13,34000
경기도 남양주시,호평파라곤,130.64,15,49900
경기도 남양주시,호평파라곤,130.64,9,47000
경기도 남양주시,화도센트럴우방아이유쉘,111.61,3,35000
경기도 남양주시,화도센트럴우방아이유쉘,111.61,2,34000
경기도 남양주시,화도센트럴우방아이유쉘,111.61,6,38500
경기도 남양주시,대림,134.52,10,25000
경기도 남양주시,마석역신도브래뉴,160.443,6,36000
경기도 남양주시,경성큰마을(2단지),164.75,3,24900
경기도 남양주시,마석역신도브래뉴2차,125.344,6,31300
경기도 남양주시,삼익,134.94,4,21700
경기도 남양주시,영남탑스빌,124.603,5,18000
경기도 남양주시,창현두산1단지아파트,134.97,9,30000
경기도 남양주시,창현두산1단지아파트,134.97,15,27950
경기도 동두천시,대방노블랜드,133.5,13,25500
경기도 동두천시,에이스2,120.045,5,13000
경기도 동두천시,에이스2,122.945,10,13800
경기도 동두천시,아이파크,123.762,8,23500
경기도 동두천시,현진에버빌,127.31,9,26500
경기도 부천시,부천 범박 힐스테이트1단지,122.8,2,45000
경기도 부천시,꿈동산(신안),134.79,24,46500
경기도 부천시,꿈동산(신안),134.79,4,47000
경기도 부천시,사랑마을(청구),134.805,2,45500
경기도 부천시,코오롱이데아폴리스,116.11,15,44800
경기도 부천시,뉴서울,123.72,19,41750
경기도 부천시,뉴서울,123.72,3,43100
경기도 부천시,오정생활휴먼시아2단지,110.95,3,49400
경기도 부천시,원미동풍림,114.344,4,39000
경기도 부천시,그린타운(한신),133.12,2,44800
경기도 부천시,꿈마을(동아),134.78,3,48500
경기도 부천시,연화마을(쌍용),134.07,10,49000
경기도 부천시,중흥마을(극동),134.07,1,48000
경기도 성남수정구,현대,111.96,10,40000
경기도 성남중원구,띠아모,116.56,9,49700
경기도 수원권선구,엘디코오롱,134.4,5,40500
경기도 수원권선구,권선SKVIEW,145.57,12,46000
경기도 수원권선구,권선SKVIEW,145.57,10,44700
경기도 수원권선구,권선SKVIEW,130.58,8,43500
경기도 수원권선구,권선SKVIEW,145.57,10,46500
경기도 수원권선구,권선SKVIEW,130.58,5,43700
경기도 수원권선구,권선SKVIEW,130.58,3,43500
경기도 수원권선구,권선SKVIEW,130.58,4,44000
경기도 수원권선구,권선SKVIEW,163.17,7,49800
경기도 수원권선구,권선자이e편한세상,123.4823,5,48000
경기도 수원권선구,권선자이e편한세상,123.4823,11,49800
경기도 수원권선구,권선자이e편한세상,123.4823,1,47900
경기도 수원권선구,권선자이e편한세상,123.4823,3,49500
경기도 수원권선구,권선자이e편한세상,123.4823,3,49800
경기도 수원권선구,권선자이e편한세상,123.4823,15,49000
경기도 수원권선구,대림,113.387,14,36000
경기도 수원권선구,벽산,134.95,6,36500
경기도 수원권선구,신안풍림,134.07,8,35000
경기도 수원권선구,신안풍림,134.04,8,30500
경기도 수원권선구,신안풍림,134.07,7,36400
경기도 수원권선구,쌍용스윗닷홈1단지,113.2744,10,32900
경기도 수원권선구,삼익,113.91,4,30500
경기도 수원권선구,수원센트럴타운3단지,118.98,11,49700
경기도 수원권선구,영조아름다운나날2단지,116.391,4,28400
경기도 수원권선구,청구2,122.97,12,35000
경기도 수원권선구,삼성,134.505,10,33500
경기도 수원권선구,호매실GS,127.204,7,33000
경기도 수원영통구,늘푸른벽산,201.17,1,38500
경기도 수원영통구,늘푸른벽산,134.944,11,32500
경기도 수원영통구,늘푸른벽산,134.944,9,30900
경기도 수원영통구,늘푸른벽산,134.944,2,30000
경기도 수원영통구,동수원LG빌리지3,127.3484,11,41800
경기도 수원영통구,동수원엘지빌리지1차,126.3534,5,36800
경기도 수원영통구,동수원엘지빌리지1차,126.3534,14,38000
경기도 수원영통구,동수원엘지빌리지1차,147.5852,7,43000
경기도 수원영통구,동수원엘지빌리지1차,126.3534,13,38000
경기도 수원영통구,동수원엘지빌리지2차,115.4594,23,39000
경기도 수원영통구,동수원엘지빌리지2차,129.5689,7,38700
경기도 수원영통구,동수원엘지빌리지2차,115.4594,4,36000
경기도 수원영통구,동수원엘지빌리지2차,145.2494,20,41900
경기도 수원영통구,동수원엘지빌리지2차,145.2494,20,42000
경기도 수원영통구,동수원엘지빌리지2차,115.4594,21,38000
경기도 수원영통구,동수원엘지빌리지2차,129.5689,11,38800
경기도 수원영통구,동수원엘지빌리지2차,129.5689,9,39500
경기도 수원영통구,망포마을쌍용1차,124.571,13,37900
경기도 수원영통구,망포마을쌍용1차,124.571,1,33500
경기도 수원영통구,망포마을쌍용1차,124.571,7,38900
경기도 수원영통구,망포마을쌍용1차,124.571,7,38700
경기도 수원영통구,망포현대1아이파크,134.9482,15,44900
경기도 수원영통구,망포현대1아이파크,119.3122,7,42000
경기도 수원영통구,망포현대2아이파크,164.8098,24,45000
경기도 수원영통구,센트럴하이츠,136.9747,3,47500
경기도 수원영통구,센트럴하이츠,136.9747,1,44800
경기도 수원영통구,센트럴하이츠,136.9747,1,43900
경기도 수원영통구,센트럴하이츠,156.3179,2,47500
경기도 수원영통구,센트럴하이츠,156.3179,4,47900
경기도 수원영통구,센트럴하이츠,156.3179,2,47500
경기도 수원영통구,센트럴하이츠,137.4029,14,49700
경기도 수원영통구,금성5,111.42,5,39500
경기도 수원영통구,금성5,111.42,2,41000
경기도 수원영통구,우남퍼스트빌,130.727,8,46000
경기도 수원영통구,현대힐스테이트,127.908,21,45500
경기도 수원영통구,현대힐스테이트,127.908,17,46300
경기도 수원영통구,현대힐스테이트,127.908,14,46800
경기도 수원영통구,현대힐스테이트,127.908,12,47000
경기도 수원영통구,현대힐스테이트,127.908,25,45000
경기도 수원영통구,대우월드마크,116.8695,31,47000
경기도 수원영통구,"살구골마을(진덕,서광,성지,동아)",134.88,1,47500
경기도 수원영통구,청명마을삼성,134.239,1,48500
경기도 수원장안구,신일,126.91,8,32000
경기도 수원장안구,동남타운,132.93,8,26500
경기도 수원장안구,벽산블루밍,126.88,11,37500
경기도 수원장안구,연꽃마을풍림,127.17,4,46000
경기도 수원장안구,연꽃마을풍림,127.17,18,42800
경기도 수원장안구,연꽃마을풍림,127.17,8,44000
경기도 수원장안구,연꽃마을풍림,127.17,9,46900
경기도 수원장안구,연꽃마을풍림,127.17,4,43850
경기도 수원장안구,청솔마을SK한화,128.1836,3,49000
경기도 수원장안구,그대가포레스트,124.535,1,48800
경기도 수원장안구,한일타운태영,134.958,10,46000
경기도 수원장안구,비단마을성우우방,127.973,20,49200
경기도 수원장안구,비단마을성우우방,128.118,6,46800
경기도 수원장안구,비단마을성우우방,128.118,4,47800
경기도 수원장안구,비단마을영풍,122.8433,7,43000
경기도 수원팔달구,한진현대,116.77,15,39900
경기도 수원팔달구,화서위브하늘채,116.8106,16,48000
경기도 시흥시,신일해피트리,124.7425,5,39700
경기도 시흥시,우성1,134.96,1,30400
경기도 시흥시,해가든더클래식,148.8,18,37000
경기도 시흥시,해가든더클래식,148.8,16,36900
경기도 시흥시,해가든더클래식,130.75,4,34500
경기도 시흥시,해가든더클래식,148.8,13,37000
경기도 시흥시,시흥5차대우푸르지오,123.4036,23,39000
경기도 시흥시,시흥신천삼환나우빌,120.406,7,42000
경기도 시흥시,시흥신천삼환나우빌,120.406,2,40500
경기도 시흥시,월곶Ⅱ유호N플러스빌,121.6055,17,33000
경기도 시흥시,풍림아이원1차,199.88,12,33000
경기도 시흥시,대우푸르지오4차,120.596,3,41000
경기도 시흥시,진말우성,134.892,9,36000
경기도 시흥시,대림4,117.251,7,31500
경기도 시흥시,대림4,117.251,8,30600
경기도 시흥시,신호새피앙,134.91,6,34800
경기도 시흥시,신호새피앙,134.91,4,31000
경기도 시흥시,화성,128.43,9,30500
경기도 시흥시,연꽃마을태평1,117.735,6,31000
경기도 시흥시,연꽃마을태평1,117.735,12,31300
경기도 안산단원구,푸르지오1차,116.3445,10,41000
경기도 안산단원구,호수공원(대림2B),117.92,25,42000
경기도 안산단원구,호수공원(대림2B),117.92,21,45000
경기도 안산단원구,수정한양,155.155,6,29000
경기도 안산단원구,수정한양,155.155,18,33000
경기도 안산단원구,삼익,131.55,13,25500
경기도 안산단원구,한화꿈에그린,119.5758,11,33500
경기도 안산단원구,서해그랑블,114.785,27,37400
경기도 안산단원구,서해그랑블,114.785,6,38000
경기도 안산단원구,호수마을풍림,142.78,28,36000
경기도 안산단원구,호수마을풍림,118.96,18,35000
경기도 안산상록구,반월서해,114.19,16,31300
경기도 안산상록구,신안1,146.25,6,26000
경기도 안산상록구,SK선경,129.77,11,28000
경기도 안산상록구,SK선경,129.77,2,29300
경기도 안산상록구,SK선경,129.77,14,28900
경기도 안산상록구,신우,114.59,5,26500
경기도 안산상록구,안산고잔6차푸르지오,120.651,3,37000
경기도 안산상록구,안산고잔6차푸르지오,120.651,23,38500
경기도 안산상록구,예누림,129.133,12,30000
경기도 안산상록구,예누림,129.133,2,28100
경기도 안산상록구,예누림,181.29,21,34500
경기도 안산상록구,예누림,181.29,19,33000
경기도 안산상록구,요진,152.085,12,29000
경기도 안산상록구,요진,130.29,2,32500
경기도 안산상록구,요진,130.29,8,27000
경기도 안산상록구,요진,130.29,12,28300
경기도 안산상록구,현대1,120.39,7,29900
경기도 안산상록구,선경,129.46,6,36700
경기도 안산상록구,엘리지움,182.3584,5,40000
경기도 안성시,안성공도KCC스위첸,125.57,3,26400
경기도 안성시,쌍용스윗닷홈,122.3825,6,24900
경기도 안성시,삼보,114.32,6,10600
경기도 안성시,삼보,114.32,3,11500
경기도 안성시,우남퍼스트빌,127.9582,19,30300
경기도 안성시,우남퍼스트빌,140.2353,19,34300
경기도 안양동안구,그린빌주공,114.96,7,47800
경기도 안양동안구,대림e-편한세상,116.507,17,47500
경기도 안양동안구,호계동효성아파트,126.87,9,42900
경기도 안양동안구,호계아크로리버,122.3945,12,39500
경기도 안양만안구,신안,156.66,13,45000
경기도 안양만안구,럭키,114.65,4,42100
경기도 안양만안구,럭키,114.65,1,41700
경기도 안양만안구,성원상떼빌,111.348,4,49700
경기도 양주시,덕정중흥에스클래스,117.8082,4,31000
경기도 양주시,덕정중흥에스클래스,117.8082,3,33000
경기도 양주시,산내들마을한양수자인,123.1445,9,32000
경기도 양주시,해동마을신도브래뉴,134.9657,2,33500
경기도 양주시,은빛마을한양수자인,121.3083,8,33000
경기도 양평군,블루밍1단지,134.8772,1,29500
경기도 양평군,블루밍1단지,114.888,8,29500
경기도 양평군,블루밍2단지,134.8772,2,29000
경기도 양평군,블루밍2단지,114.888,1,26000
경기도 양평군,블루밍2단지,134.8772,2,30100
경기도 양평군,블루밍2단지,119.8672,13,27300
경기도 양평군,"미르젠(101,102동)",114.174,10,35500
경기도 양평군,현대성우오스타 코아루 주상복합,141.389,30,49500
경기도 양평군,현대성우오스타 코아루 주상복합,150.155,29,48300
경기도 여주시,이안여주강변,134.37,16,32900
경기도 오산시,대주피오레,123.3203,7,24900
경기도 오산시,금암마을휴먼시아데시앙,123.11,11,28200
경기도 오산시,금암마을휴먼시아데시앙,130.16,1,46400
경기도 오산시,금암마을휴먼시아데시앙,123.18,2,28000
경기도 오산시,물향기마을 꿈에그린(13단지),123.67,14,37500
경기도 오산시,물향기마을 꿈에그린(13단지),123.97,14,42000
경기도 오산시,물향기마을 꿈에그린(13단지),123.4,9,38000
경기도 오산시,물향기마을 꿈에그린(13단지),123.67,3,37000
경기도 오산시,오산세마e편한세상,172.734,2,38700
경기도 오산시,오산세마e편한세상,121.696,22,30000
경기도 오산시,오산세마e편한세상,140.007,16,34000
경기도 오산시,오산세마e편한세상,140.007,22,32900
경기도 오산시,오산세마e편한세상,140.007,8,35800
경기도 오산시,오산세마e편한세상,172.806,9,38000
경기도 오산시,대동,129.55,13,30700
경기도 오산시,현대,134.722,17,28000
경기도 오산시,운암청구(814-2),124.24,10,28000
경기도 용인기흥구,대주피오레,130.0979,14,35000
경기도 용인기흥구,대주피오레,128.7851,11,33500
경기도 용인기흥구,대주피오레2단지,148.6289,11,38000
경기도 용인기흥구,대주피오레2단지,120.82,11,31900
경기도 용인기흥구,대주피오레2단지,120.82,17,32900
경기도 용인기흥구,대주피오레2단지,148.6289,5,37700
경기도 용인기흥구,대주피오레2단지,180.9399,14,48400
경기도 용인기흥구,대주피오레2단지,148.6289,17,38000
경기도 용인기흥구,강남마을자연앤(6단지),118.227,9,35000
경기도 용인기흥구,강남마을자연앤(6단지),118.227,2,33800
경기도 용인기흥구,강남마을한라비발디아델70,143.236,4,35000
경기도 용인기흥구,동원마을동원로얄듀크,120.4046,1,33100
경기도 용인기흥구,호수마을동보노빌리티,116.924,21,41800
경기도 용인기흥구,교동마을구성자이3차,146.3436,7,49800
경기도 용인기흥구,교동마을동양파라곤,127.75,20,45500
경기도 용인기흥구,교동마을현대필그린,134.5475,4,34000
경기도 용인기흥구,교동마을현대필그린,186.4931,13,39000
경기도 용인기흥구,교동마을현대홈타운,150.5391,9,36000
경기도 용인기흥구,교동마을현대홈타운,124.0146,18,34000
경기도 용인기흥구,신창미션힐,118.0474,4,25000
경기도 용인기흥구,신창미션힐,118.0474,18,26900
경기도 용인기흥구,신창미션힐,144.586,16,28000
경기도 용인기흥구,쌍용스윗닷홈1,139.8988,19,26000
경기도 용인기흥구,쌍용스윗닷홈1,139.8988,14,26900
경기도 용인기흥구,현대모닝사이드2,137.117,15,34500
경기도 용인기흥구,현대모닝사이드2,116.6164,8,27000
경기도 용인기흥구,현대모닝사이드2,116.6164,19,32500
경기도 용인기흥구,죽전자이2차,133.3,3,42700
경기도 용인기흥구,죽전자이2차,128.62,10,45000
경기도 용인기흥구,죽전자이2차,133.3,9,45000
경기도 용인기흥구,갈천마을신일유토빌,122.5511,13,29000
경기도 용인기흥구,쌍용(3단지),115.412,20,29000
경기도 용인기흥구,쌍용(3단지),115.412,13,23500
경기도 용인기흥구,용인상하진흥더루벤스1단지,152.4654,2,33000
경기도 용인기흥구,용인상하진흥더루벤스1단지,152.4654,4,33500
경기도 용인기흥구,용인상하진흥더루벤스1단지,152.4654,10,33700
경기도 용인기흥구,지석마을 그대가 크레던스,112.572,4,37000
경기도 용인기흥구,지석마을 그대가 크레던스,113.348,8,37000
경기도 용인기흥구,지석마을 그대가 크레던스,132.692,13,39400
경기도 용인기흥구,지석마을 그대가 크레던스,113.348,22,47500
경기도 용인기흥구,SK,127.785,15,32300
경기도 용인기흥구,SK,154.197,10,39000
경기도 용인기흥구,서천아이파크,122.3048,5,42000
경기도 용인기흥구,서천아이파크,122.4875,7,43700
경기도 용인기흥구,서천아이파크,122.3048,10,43900
경기도 용인기흥구,현대홈타운,115.976,15,33500
경기도 용인기흥구,스파팰리스리가,127,11,49000
경기도 용인기흥구,초원마을성원상떼빌2차,129.7118,4,37500
경기도 용인기흥구,하마비마을동일하이빌1,116.923,2,36300
경기도 용인기흥구,하마비마을동일하이빌1,143.984,15,39000
경기도 용인기흥구,영덕신일1,126.868,20,27700
경기도 용인기흥구,백현마을 동일하이빌,115.05,10,45000
경기도 용인기흥구,백현마을 동일하이빌,115.05,11,44700
경기도 용인기흥구,백현마을상록롯데캐슬,114.452,12,40000
경기도 용인기흥구,서희삼정,115.33,8,28300
경기도 용인기흥구,성산마을 신영지웰,126.635,5,45000
경기도 용인기흥구,성산마을 신영지웰,126.635,2,41500
경기도 용인기흥구,신동백 서해그랑블 2차,117.86,3,44000
경기도 용인기흥구,어은목마을 한라비발디,128.295,5,41800
경기도 용인기흥구,어은목마을대원칸타빌,143.3778,8,46800
경기도 용인기흥구,어은목마을대원칸타빌,143.3778,9,49000
경기도 용인기흥구,호반베르디움,111.5307,11,35800
경기도 용인기흥구,호반베르디움,125.2675,15,38200
경기도 용인기흥구,청명호수 신안인스빌1단지,122.79,17,34400
경기도 용인수지구,만현마을9단지엘지자이,125.6769,1,44500
경기도 용인수지구,만현마을쌍용1차,143.44,6,41000
경기도 용인수지구,만현마을쌍용3차,144.76,6,45000
경기도 용인수지구,상현마을금호베스트빌1단지,122.857,8,43000
경기도 용인수지구,상현마을금호베스트빌1단지,135.554,4,45000
경기도 용인수지구,상현마을금호베스트빌1단지,122.857,5,43800
경기도 용인수지구,상현마을금호베스트빌1단지,122.857,4,43000
경기도 용인수지구,상현마을금호베스트빌2단지,135.554,13,44800
경기도 용인수지구,상현마을금호베스트빌3단지,126.723,17,42300
경기도 용인수지구,상현마을금호베스트빌4단지,174.951,16,49500
경기도 용인수지구,심곡마을현대프레미오,121.51,16,45500
경기도 용인수지구,버들치마을경남아너스빌1차,129.3796,13,49000
경기도 용인수지구,벽산첼시빌2차,134.242,4,43000
경기도 용인수지구,벽산첼시빌2차,134.242,16,43500
경기도 용인수지구,벽산첼시빌2차,133.148,6,41700
경기도 용인수지구,벽산첼시빌2차,133.148,12,43500
경기도 용인수지구,LG빌리지5A,164.517,5,46900
경기도 용인수지구,LG빌리지5B,134.314,6,47000
경기도 용인수지구,LG빌리지5B,134.314,4,46000
경기도 용인수지구,신봉마을LG자이2,122.247,11,47500
경기도 용인수지구,신봉마을엘지자이1,115.869,4,44200
경기도 용인수지구,신봉마을엘지자이1,115.869,4,48200
경기도 용인수지구,신봉마을엘지자이1,122.882,1,47000
경기도 용인수지구,신봉마을엘지자이1,122.882,1,47000
경기도 용인수지구,꽃메마을아이파크,119.219,15,48700
경기도 용인수지구,내대지마을정석베르데파크,126.594,4,43500
경기도 용인수지구,성현마을반도보라빌,122.14,23,41750
경기도 용인수지구,용인죽전동부센트레빌,127.935,12,40200
경기도 용인수지구,죽전GS자이104동,180.13,4,43800
경기도 용인수지구,죽전퍼스트하임,132.27,1,45000
경기도 용인수지구,죽전퍼스트하임,132.27,2,42000
경기도 용인수지구,현대시티빌(102동),129.16,4,34000
경기도 용인수지구,동문,128.07,6,45000
경기도 용인처인구,용인 행정타운 두산위브 2단지,120.84,4,44025
경기도 용인처인구,용인 행정타운 두산위브 2단지,120.84,3,44025
경기도 용인처인구,용인 행정타운 두산위브 3단지,120.8,5,42900
경기도 용인처인구,송전마을 세광엔리치타워,121.521,2,21900
경기도 용인처인구,베네치아빌리지,114.0379,16,22870
경기도 의왕시,성원1차이화,118.08,16,37100
경기도 의왕시,신원수선화,115.86,16,38200
경기도 의왕시,진달래(LG),149.31,5,43000
경기도 의정부시,SKVIEW,114.96,16,35500
경기도 의정부시,SKVIEW,114.96,16,35000
경기도 의정부시,세아,121.89,12,20800
경기도 의정부시,세아,121.89,20,19500
경기도 의정부시,산들마을4단지아이파크,134.46,12,36000
경기도 의정부시,산들마을4단지아이파크,121.05,13,32300
경기도 의정부시,산들마을4단지아이파크,121.05,10,36500
경기도 의정부시,삼성래미안진흥,120.763,8,36500
경기도 의정부시,삼성래미안진흥,120.763,18,39500
경기도 의정부시,신명,134.497,6,31000
경기도 의정부시,신명,134.497,12,29300
경기도 의정부시,은하수,134.73,4,31300
경기도 의정부시,현대,129.73,8,40500
경기도 의정부시,동아,134.97,5,37000
경기도 의정부시,신곡우성,127.365,5,27500
경기도 의정부시,I-PARK,119.9955,17,46000
경기도 의정부시,삼성미도,134.52,9,38500
경기도 의정부시,신일유토빌,116.94,18,45900
경기도 의정부시,신일유토빌,116.94,7,47300
경기도 의정부시,호원동한승미메이드,110.3624,16,47500
경기도 이천시,갈산동현진에버빌,149.66,2,36500
경기도 이천시,현대성우오스타2단지,123.1339,12,43900
경기도 이천시,현대,131.07,10,21000
경기도 이천시,이천 라온팰리스,110.0083,6,30000
경기도 이천시,이천현대홈타운,114.79,14,37800
경기도 이천시,이천현대홈타운,114.79,10,37000
경기도 이천시,대우2,155.895,11,25800
경기도 이천시,선경2,118.47,5,22700
경기도 이천시,증포동 한솔솔파크3,127.0695,8,37800
경기도 이천시,증포동 한솔솔파크3,127.0695,9,38000
경기도 이천시,대호2,119.42,4,15000
경기도 이천시,대호2,119.44,3,18000
경기도 파주시,장안6흰돌마을(199-6),171.52,16,23500
경기도 파주시,후곡마을중앙하이츠(997-0),136.3568,8,34600
경기도 파주시,청석마을대원효성(986-0),129.159,7,29000
경기도 파주시,청석마을대원효성(986-0),129.159,1,29500
경기도 파주시,청석마을대원효성(986-0),129.159,4,28000
경기도 파주시,청석마을대원효성(986-0),110.122,2,25500
경기도 파주시,청석마을대원효성(986-0),129.97,4,25800
경기도 파주시,청석마을대원효성(986-0),129.159,8,31500
경기도 파주시,산내마을8단지월드메르디앙(114-37),177.945,8,36700
경기도 파주시,해솔마을 5단지 삼부르네상스(679),120.8484,17,40000
경기도 파주시,해솔마을3단지운정현대,134.825,7,34000
경기도 파주시,해솔마을4단지 벽산우남연리지(667),118.4664,3,34800
경기도 파주시,해솔마을4단지 벽산우남연리지(667),119.4578,6,35900
경기도 파주시,해솔마을4단지 벽산우남연리지(667),118.4664,11,38900
경기도 파주시,파주 힐스테이트 2차,149.6304,4,34000
경기도 파주시,청도훼미리맨션,120,6,15700
경기도 파주시,신안실크밸리2차(900-0),117.1019,7,30000
경기도 파주시,장안빌라트(328-52),127.29,3,24500
경기도 파주시,팜스프링(283-0),115.062,4,23000
경기도 파주시,팜스프링(283-0),140.339,10,23000
경기도 파주시,팜스프링(283-0),115.062,2,22000
경기도 파주시,팜스프링(283-0),140.339,18,22000
경기도 파주시,한라비발디 센트럴파크(981),120.236,13,49200
경기도 파주시,한라비발디 센트럴파크(981),122.179,26,48800
경기도 파주시,한빛마을 5단지 캐슬앤칸타빌,118.5592,8,48000
경기도 파주시,한빛마을 5단지 캐슬앤칸타빌,118.5592,9,46900
경기도 파주시,가람마을 10단지 월드메르디앙(1356),120.5004,16,38900
경기도 파주시,가람마을11단지 동문굿모닝힐(1368),123.456,7,36500
경기도 파주시,가람마을4단지 한양수자인,119.83,10,34000
경기도 파주시,가람마을4단지 한양수자인,119.83,1,33500
경기도 파주시,가람마을9단지남양휴튼(1344),120.564,9,36500
경기도 파주시,가람마을9단지남양휴튼(1344),120.564,17,37500
경기도 파주시,해솔마을7단지롯데캐슬,113.7275,28,45700
경기도 파주시,해솔마을7단지롯데캐슬,113.7275,28,47500
경기도 파주시,그린시티동문(218-0),134.66,9,23800
경기도 파주시,그린시티동문(218-0),197.9,3,27000
경기도 파주시,한라비발디(992-1),134.99,14,24000
경기도 파주시,한라비발디(992-1),134.99,18,22700
경기도 파주시,한라비발디(992-1),117.12,9,20500
경기도 파주시,파주 푸르지오 (269-0),158.831,2,29750
경기도 파주시,파주 푸르지오 (269-0),124.878,15,30900
경기도 파주시,파주 푸르지오 (269-0),158.831,8,36000
경기도 평택시,비전 경남아너스빌,121.541,2,27000
경기도 평택시,비전 경남아너스빌,121.541,15,29000
경기도 평택시,비전 롯데캐슬,122.577,13,33750
경기도 평택시,평택서정동롯데케슬,118.31,18,39500
경기도 평택시,평택서정동롯데케슬,118.31,20,38000
경기도 평택시,청실보성,134.671,4,23000
경기도 평택시,안중우림필유골드154,128.2576,15,29500
경기도 평택시,우림루미아트,118.866,10,25700
경기도 평택시,우림루미아트,118.866,9,26100
경기도 평택시,우림루미아트,118.866,14,25700
경기도 평택시,용이반도유보라,124.5923,11,35500
경기도 평택시,푸르지오1차,124.3273,6,25700
경기도 평택시,이충이-편한세상,120.393,3,30000
경기도 평택시,평택장안마을코오롱하늘채,114.3132,4,30300
경기도 평택시,평택장안마을코오롱하늘채,114.3132,4,31000
경기도 평택시,지산코아루,160.9074,4,40000
경기도 평택시,지산코아루,160.9074,4,38000
경기도 평택시,케이씨씨스위첸,114.7974,8,28800
경기도 평택시,유승한내들,132.6639,15,25900
경기도 평택시,유승한내들,132.6639,6,26000
경기도 평택시,늘푸른오스카빌,164.7889,13,48500
경기도 평택시,늘푸른오스카빌,179.6433,9,44000
경기도 평택시,평택브라운스톤험프리스,113.3007,8,37000
경기도 평택시,평택브라운스톤험프리스,113.3007,4,35500
경기도 평택시,평택브라운스톤험프리스,146.4005,8,47000
경기도 평택시,평택브라운스톤험프리스,127.5684,13,45000
경기도 평택시,롯데인벤스스카이,141.289,6,45500
경기도 포천시,석향마을대방노블랜드,110.25,14,28500
경기도 포천시,석향마을대방노블랜드,131.94,9,28800
경기도 포천시,영화,122.16,6,28000
경기도 하남시,덕풍쌍용,114.98,3,42500
경기도 화성시,포스코더샵2차,117.5061,9,46250
경기도 화성시,나루마을월드메르디앙반도유보라,110.7323,25,46000
경기도 화성시,나루마을월드메르디앙반도유보라,116.0155,11,48000
경기도 화성시,나루마을한화꿈에그린,113.61,11,44300
경기도 화성시,풍성 위버폴리스,121.5781,24,47000
경기도 화성시,반달마을두산위브1단지,133.838,8,37000
경기도 화성시,반달마을두산위브1단지,133.838,8,35000
경기도 화성시,반달마을두산위브1단지,133.838,5,35500
경기도 화성시,신영통현대1차,134.97,8,31000
경기도 화성시,신영통현대1차,119.79,9,29000
경기도 화성시,신영통현대1차,119.79,5,28000
경기도 화성시,신영통현대2차,119.79,2,26500
경기도 화성시,신영통현대2차,158.75,16,30000
경기도 화성시,신영통현대2차,158.75,14,30000
경기도 화성시,신영통현대2차,158.75,17,31000
경기도 화성시,신영통현대2차,119.79,2,24600
경기도 화성시,신영통현대2차,119.79,8,27400
경기도 화성시,신영통현대2차,119.79,8,26000
경기도 화성시,신영통현대2차,119.79,11,27000
경기도 화성시,신영통현대2차,119.79,4,27000
경기도 화성시,신영통현대2차,119.79,9,28500
경기도 화성시,신영통현대3차,134.127,5,28500
경기도 화성시,신영통현대4차,130.4387,15,33000
경기도 화성시,에스케이뷰파크,115.4801,4,41000
경기도 화성시,남수원두산,134.97,4,25000
경기도 화성시,늘벗마을신창1차,111.195,6,27200
경기도 화성시,에스케이뷰,121.35,6,29000
경기도 화성시,정든마을신창2차,122.709,17,35000
경기도 화성시,정든마을신창2차,122.709,15,29800
경기도 화성시,정든마을신창2차,122.709,7,30000
경기도 화성시,동화마을동일하이빌,115.266,17,35800
경기도 화성시,동화마을동일하이빌,140.866,9,38000
경기도 화성시,동화마을동일하이빌,140.866,8,39000
경기도 화성시,동화마을동일하이빌,115.266,19,31000
경기도 화성시,동화마을동일하이빌,115.266,23,35200
경기도 화성시,동화마을동일하이빌,140.866,5,38800
경기도 화성시,양지마을쌍용예가,114.4442,6,24100
경기도 화성시,한울마을신창비바패밀리2단지,123.3429,10,27000
경기도 화성시,한울마을신창비바패밀리2단지,123.3429,9,26500
경기도 화성시,신일유토빌,128.379,9,44000
경기도 화성시,우미린제일풍경채,112.961,10,46000
경기도 화성시,우미린제일풍경채,112.961,14,46900
경기도 화성시,솔뫼마을한승미메이드,120.8256,5,25000
경기도 화성시,살구꽃마을 제일오투그란데,118.0155,5,30900
경기도 화성시,살구꽃마을 제일오투그란데,118.0155,1,29900
경기도 화성시,살구꽃마을 제일오투그란데,118.0155,4,31300
경기도 화성시,살구꽃마을 제일오투그란데,118.0155,9,33000
경기도 화성시,살구꽃마을 제일오투그란데,118.0155,2,31150
경기도 화성시,신영지웰,118.2798,10,35200
경기도 화성시,한일베라체,122.627,12,35700
경기도 화성시,한일베라체,115.974,16,33900
경상남도 거제시,거제롯데인벤스가,136.9127,1,36200
경상남도 거제시,거제자이,123.483,17,47300
경상남도 거제시,두산위브,123.7857,13,31000
경상남도 거제시,대동다숲1단지,128.3555,15,35000
경상남도 거제시,거제더샵,121.3667,15,33300
경상남도 거제시,거제더샵,137.543,10,36300
경상남도 거제시,e편한세상옥포아파트1단지,115.31,19,35000
경상남도 거창군,신흥1차,117.285,2,16000
경상남도 김해시,한라비발디,155.586,6,42500
경상남도 김해시,김해내외2차동아,134.777,7,31000
경상남도 김해시,동아,127.69,3,27800
경상남도 김해시,갑오마을3단지대동,126.48,15,19000
경상남도 김해시,갑오마을8단지대우푸르지오2차,126.346,22,31500
경상남도 김해시,석봉마을5단지대동3,145.515,5,23000
경상남도 김해시,석봉마을6단지대동4,126.48,10,20500
경상남도 김해시,석봉마을6단지대동4,164.93,11,25000
경상남도 김해시,석봉마을6단지대동4,126.48,15,21000
경상남도 김해시,삼계이안,123.6231,13,33000
경상남도 김해시,삼계이안,123.6231,8,30300
경상남도 김해시,삼계이안,123.6231,14,31500
경상남도 김해시,화정마을아이파크가야,119.974,14,36900
경상남도 김해시,한일,129.17,1,15800
경상남도 김해시,화인아트1차,120.25,8,19500
경상남도 김해시,장유2차쌍용예가,122.1103,15,23000
경상남도 김해시,대우유토피아,116.73,16,17000
경상남도 김해시,신리마을중앙하이츠8단지,153.0702,11,44500
경상남도 김해시,신리마을중앙하이츠8단지,128.5692,10,35400
경상남도 김해시,신리마을중앙하이츠8단지,128.5692,2,33300
경상남도 김해시,신리마을중앙하이츠8단지,128.5692,19,36900
경상남도 김해시,신리마을중앙하이츠8단지,128.5692,13,33700
경상남도 김해시,신리마을중앙하이츠8단지,163.0376,3,46800
경상남도 김해시,신리마을중앙하이츠8단지,130.6765,18,38500
경상남도 김해시,신리마을중앙하이츠8단지,128.5692,11,35000
경상남도 김해시,신리마을중앙하이츠8단지,163.0376,5,47300
경상남도 김해시,신리마을중앙하이츠8단지,128.5692,18,35300
경상남도 김해시,신리마을중앙하이츠8단지,130.6765,11,39500
경상남도 김해시,신리마을중앙하이츠8단지,128.5692,3,35600
경상남도 김해시,신리마을중앙하이츠8단지,128.5692,19,37000
경상남도 김해시,신리마을중앙하이츠8단지,153.0702,15,40000
경상남도 김해시,율상마을푸르지오4단지(2차),116.492,11,35500
경상남도 김해시,율상마을푸르지오4단지(2차),128.619,5,37500
경상남도 김해시,동창원IC하우스토리,126.6492,2,17500
경상남도 김해시,김해진영코아루,121.0641,14,25200
경상남도 밀양시,e편한세상밀양강,112.773,9,38000
경상남도 밀양시,유성청구타운,132.51,4,21500
경상남도 사천시,한국리치빌,141.06,1,19500
경상남도 사천시,사천푸르지오,120.9616,11,22900
경상남도 사천시,엘아이지 사천리가,123.669,6,28500
경상남도 사천시,엘아이지 사천리가,123.669,1,26500
경상남도 사천시,사천흥한에르가,142.75,13,35000
경상남도 양산시,e-편한세상,113.91,2,32000
경상남도 양산시,상록경남아너스빌,114.69,5,25700
경상남도 양산시,상록경남아너스빌,114.69,17,25900
경상남도 양산시,상록경남아너스빌,114.69,19,27000
경상남도 양산시,e편한세상남양산2차,140.903,18,40000
경상남도 양산시,e편한세상남양산2차,125.577,19,36000
경상남도 양산시,화성파크드림,117.9996,3,27000
경상남도 양산시,양산 대방노블랜드 7차 메가시티,116.4225,8,42750
경상남도 양산시,양산물금 대방노블랜드 6차 더클래스,117.7501,20,47200
경상남도 양산시,양산물금 대방노블랜드 6차 더클래스,116.302,19,49000
경상남도 양산시,신창비바패밀리,115.093,5,31300
경상남도 양산시,신창비바패밀리,115.093,9,29000
경상남도 양산시,신창비바패밀리,131.083,23,36800
경상남도 양산시,양산2차e-편한세상,118.2,11,29700
경상남도 양산시,양산신도시현진에버빌,132.726,4,36300
경상남도 양산시,우남퍼스트빌,116.4111,21,26800
경상남도 양산시,황전범어타운,112.02,3,18500
경상남도 양산시,대우마리나,117.66,17,16500
경상남도 양산시,대동서안한마음,135.825,15,21500
경상남도 양산시,양산코아루,126.4196,10,27500
경상남도 양산시,양산코아루,126.4196,9,28200
경상남도 진주시,제일풍경채,138.9363,10,38500
경상남도 진주시,금산e편한세상,121.989,6,20200
경상남도 진주시,진흥더루벤스,122.956,18,25000
경상남도 진주시,진흥더루벤스,122.956,15,20000
경상남도 진주시,진흥더루벤스,122.956,15,21900
경상남도 진주시,남강휴먼빌,120.5794,21,29300
경상남도 진주시,남강휴먼빌,120.5794,22,29000
경상남도 진주시,이현하이클래스웰가,127.76,19,32000
경상남도 진주시,금호석류,122.49,13,30100
경상남도 진주시,이지더원 아파트,113.588,6,41200
경상남도 진주시,진주초전푸르지오2단지,125.029,3,30500
경상남도 진주시,진주초전푸르지오2단지,125.029,6,31000
경상남도 진주시,진주초전푸르지오2단지,125.029,13,33000
경상남도 진주시,진주초전푸르지오2단지,125.029,2,31500
경상남도 진주시,진주초전푸르지오2단지,125.029,16,33900
경상남도 진주시,진주초전푸르지오2단지,134.969,21,43500
경상남도 진주시,진주혁신도시 중흥에스-클래스 더프라임,110.6238,16,39000
경상남도 진주시,휴앤인엘리시움,117.768,14,40300
경상남도 진주시,들말흥한타운,125.61,10,35300
경상남도 진주시,들말흥한타운,125.61,5,28000
경상남도 진주시,엠코타운더프라하,119.7937,32,48300
경상남도 진주시,엠코타운더프라하,118.6034,9,47000
경상남도 진주시,엠코타운더프라하,118.6034,9,47500
경상남도 창원마산합포구,무학자이,128.3853,5,35000
경상남도 창원마산합포구,벽산블루밍,132.556,16,36200
경상남도 창원마산합포구,한일유앤아이,147.5709,7,22700
경상남도 창원마산합포구,두산2,132.72,2,21000
경상남도 창원마산회원구,화성,124.647,2,25000
경상남도 창원마산회원구,현대,125.34,2,19500
경상남도 창원마산회원구,마산양덕4차한일타운,117.5604,9,30200
경상남도 창원마산회원구,메트로시티,124.4478,27,42700
경상남도 창원성산구,창원자이,157.3074,13,48000
경상남도 창원성산구,창원자이,124.872,5,43500
경상남도 창원성산구,동성,135.08,3,22500
경상남도 창원성산구,동성,135.08,14,28000
경상남도 창원성산구,대동디지털황토방,114.8543,11,37250
경상남도 창원성산구,대동디지털황토방,114.8543,10,35800
경상남도 창원성산구,대동,115.032,14,30700
경상남도 창원성산구,대동,115.032,24,32800
경상남도 창원성산구,대동,132.17,15,33500
경상남도 창원성산구,대동,132.18,17,28000
경상남도 창원성산구,대동,115.032,8,32300
경상남도 창원성산구,대동,164.7,21,33500
경상남도 창원성산구,프리빌리지,134.9342,18,44000
경상남도 창원성산구,프리빌리지,124.9018,17,36000
경상남도 창원성산구,프리빌리지2차,124.9884,6,44400
경상남도 창원성산구,프리빌리지2차,124.9884,3,44500
경상남도 창원의창구,대동1차황토방,120.93,13,19400
경상남도 창원의창구,대동1차황토방,120.93,1,18000
경상남도 창원의창구,대동1차황토방,120.93,2,22600
경상남도 창원의창구,두산위브,126.01,8,47500
경상남도 창원의창구,명곡두산위브,137.86,5,45000
경상남도 창원의창구,은아,134.115,1,47000
경상남도 창원의창구,은아,111.61,3,40500
경상남도 창원의창구,은아,134.115,1,47500
경상남도 창원진해구,대동다:숲,130.2003,13,26000
경상남도 창원진해구,우림필유,159.72,12,40000
경상남도 창원진해구,진해자이,125.3181,13,35700
경상남도 창원진해구,일신님,121.4142,12,24500
경상남도 창원진해구,진해이동미소지움,129.33,7,28000
경상남도 창원진해구,창원자은에일린의뜰,114.79,17,37000
경상남도 창원진해구,진해장천대동다숲,122.0641,11,29000
경상남도 창원진해구,한림리츠빌,131.6411,15,30000
경상남도 통영시,장원썬비치,164.36,3,21000
경상남도 통영시,청구,134.85,10,17100
경상남도 함안군,벽산블루밍,126.6159,12,27000
경상남도 함안군,벽산블루밍,126.6159,15,25200
경상북도 경산시,경산백천월드메르디앙,121.3436,8,29000
경상북도 경산시,사동2지구화성파크드림,120.3595,8,35100
경상북도 경산시,옥산서한이다음,120.4392,5,28250
경상북도 경산시,경산 우방유쉘,114.1048,25,33000
경상북도 경산시,경산 우방유쉘,126.4142,21,40000
경상북도 경산시,성암산신동아파밀리에,162.479,7,41500
경상북도 경산시,성암산신동아파밀리에,131.349,5,36000
경상북도 경산시,웰리치성암,115.0099,4,25000
경상북도 경산시,우방맨션1차,128.28,13,32500
경상북도 경산시,중방e-편한세상2단지,121.929,5,47500
경상북도 경주시,코아루그랑블,190.4665,2,34000
경상북도 경주시,코아루그랑블,129.4545,1,19500
경상북도 경주시,경주우방타운,134.89,2,22000
경상북도 경주시,경주우방타운,134.89,3,23000
경상북도 경주시,경주우방명사마을,124.36,1,27400
경상북도 경주시,이안,130.3169,2,29000
경상북도 경주시,이안,149.5675,9,32500
경상북도 경주시,삼성강변타운,134.765,13,19500
경상북도 경주시,삼성강변타운,134.765,5,18000
경상북도 경주시,세정스위츠리버,129.1931,12,25600
경상북도 경주시,청우3차(301~303동),135.36,14,24800
경상북도 경주시,현진에버빌1차,120.127,14,28100
경상북도 경주시,현진에버빌1차,162.06,8,37400
경상북도 구미시,문성경남아너스빌,160.6586,21,35300
경상북도 구미시,문성경남아너스빌,160.6586,10,33500
경상북도 구미시,문성경남아너스빌,160.6586,10,32437
경상북도 구미시,구미원호푸르지오,116.67,12,25000
경상북도 구미시,우림필유,128.5439,6,28300
경상북도 구미시,광평푸르지오1차,115.723,17,22000
경상북도 구미시,남통e-편한세상,125.7825,16,27000
경상북도 구미시,도량파크맨션,134.985,6,14700
경상북도 구미시,도량파크맨션,134.985,8,16800
경상북도 구미시,도량파크맨션,134.985,17,16000
경상북도 구미시,영남네오빌시티1단지,117.1545,17,26000
경상북도 구미시,현진에버빌,127.6372,4,27000
경상북도 구미시,구미중흥에스-클래스에코시티,110.2366,12,36300
경상북도 구미시,구미중흥에스-클래스에코시티,110.2366,5,34800
경상북도 구미시,구미중흥에스-클래스에코시티,110.2366,10,38000
경상북도 구미시,구미중흥에스-클래스에코시티,110.2366,5,34800
경상북도 구미시,푸르지오캐슬A단지,137.1293,6,31700
경상북도 구미시,구미옥계우미린,129.067,6,28000
경상북도 구미시,삼구트리니엔,131.7653,19,29000
경상북도 구미시,옥계e편한세상,120.5588,22,23800
경상북도 구미시,옥계현진에버빌엠파이어,129.78,27,32000
경상북도 구미시,옥계현진에버빌엠파이어,129.78,28,29700
경상북도 구미시,옥계현진에버빌엠파이어,129.78,24,32100
경상북도 구미시,옥계현진에버빌엠파이어,129.78,6,34000
경상북도 구미시,옥계현진에버빌엠파이어,129.78,11,31500
경상북도 구미시,옥계현진에버빌엠파이어,129.78,7,32000
경상북도 구미시,구미인의푸르지오,138.9,1,20500
경상북도 구미시,우방3차,131.22,11,21500
경상북도 김천시,부곡우방,138.68,13,18250
경상북도 김천시,부곡화성,115.239,4,14200
경상북도 김천시,부곡화성,115.239,13,14500
경상북도 문경시,신원아침도시,124.1643,6,29000
경상북도 문경시,애드인,182.75,5,39500
경상북도 상주시,동아,132.72,7,15100
경상북도 안동시,안동송현이안,129.1464,9,32800
경상북도 안동시,세영첼시빌,149.3921,7,31500
경상북도 영주시,코아루,125.3359,6,26500
경상북도 영주시,코아루,125.3359,1,26000
경상북도 영천시,해피포유아파트,124.3982,10,14900
경상북도 영천시,영천대동다:숲,128.3884,4,24600
경상북도 칠곡군,왜관한빛타운,134.77,16,17800
경상북도 포항남구,대잠센트럴하이츠,132.7272,6,42000
경상북도 포항남구,이동현대홈타운,134.982,10,24000
경상북도 포항남구,이동현대홈타운,134.982,3,25000
경상북도 포항남구,이동현대홈타운,134.982,12,25500
경상북도 포항남구,대림한숲타운1차,164.965,15,22700
경상북도 포항남구,대림한숲타운2차,134.95,15,24450
경상북도 포항남구,유강코아루2단지,128.508,12,33300
경상북도 포항남구,유강코아루4단지,208.963,13,40000
경상북도 포항남구,효자웰빙타운에스케이뷰1차,121.4716,3,30500
경상북도 포항남구,효자웰빙타운에스케이뷰1차,121.7703,9,31500
경상북도 포항남구,효자웰빙타운에스케이뷰1차,121.4716,6,30800
경상북도 포항남구,효자웰빙타운에스케이뷰2차,151.9348,7,33500
경상북도 포항남구,효자웰빙타운에스케이뷰2차,130.1223,10,30700
경상북도 포항남구,효자웰빙타운에스케이뷰2차,151.9348,31,42000
경상북도 포항남구,효자웰빙타운에스케이뷰3차,119.79,23,35700
경상북도 포항남구,효자풍림아이원,120.67,24,36000
경상북도 포항북구,양학 도뮤토 ,139.75,13,41500
경상북도 포항북구,포항 e편한세상 양덕,124.48,3,29000
경상북도 포항북구,포항 e편한세상 양덕,124.48,8,30000
경상북도 포항북구,포항양덕풍림아이원,147.6362,1,25900
경상북도 포항북구,우방1,134.79,5,19800
경상북도 포항북구,우현3차신동아파밀리에,122.8331,20,26300
경상북도 포항북구,우현삼도뷰엔빌W,137.8099,5,29500
경상북도 포항북구,우현삼도뷰엔빌W,137.8099,10,31800
경상북도 포항북구,우현삼도뷰엔빌W,137.8099,7,30800
경상북도 포항북구,우현삼도뷰엔빌W,137.8099,2,29700
경상북도 포항북구,대림골든빌,164.4125,16,24000
경상북도 포항북구,대림골든빌,135.4935,2,16000
경상북도 포항북구,두산 위브 더 제니스,130.77,7,28800
경상북도 포항북구,두산 위브 더 제니스,123.4,27,32500
경상북도 포항북구,두산 위브 더 제니스,123.4,25,36000
경상북도 포항북구,럭키장성1,121.02,12,12700
경상북도 포항북구,창포청구타운,134.94,2,15000
경상북도 포항북구,우방비치타운,114.78,20,20900
광주광역시 광산구,어등산 대방노블랜드,113.913,11,45800
광주광역시 광산구,신창1차남양휴튼,125.1218,5,46000
광주광역시 광산구,신동아,116.186,12,25000
광주광역시 광산구,첨단대우,133.82,6,36500
광주광역시 광산구,첨단선경,118.42,11,30700
광주광역시 남구,광주백운1휴먼시아,115.75,7,39200
광주광역시 남구,송촌파인힐,134.82,12,29250
광주광역시 남구,삼익1,131.04,2,48000
광주광역시 남구,명지,125.55,2,19600
광주광역시 남구,한일베라체,117.253,8,33000
광주광역시 동구,금호두암타운,164.88,1,26500
광주광역시 동구,삼익세라믹,125.95,5,31900
광주광역시 북구,금호타운2,124.42,1,20000
광주광역시 북구,삼익,126.96,13,21500
광주광역시 북구,삼익,126.96,14,19500
광주광역시 북구,삼익,126.96,3,20200
광주광역시 북구,호반빌라,158.32,1,24000
광주광역시 북구,금호,134.94,6,28200
광주광역시 북구,대주3,120.897,5,21000
광주광역시 북구,라인동산,115.76,12,26400
광주광역시 북구,라인동산,115.76,6,25500
광주광역시 북구,양산지구현진에버빌,111.94,1,40300
광주광역시 북구,지에스그린자이1차,112.0176,17,40000
광주광역시 북구,현대,163.74,17,25000
광주광역시 북구,현대,129.73,14,22400
광주광역시 북구,삼성,133.35,18,24300
광주광역시 북구,쌍용예가,126.0042,12,49000
광주광역시 북구,쌍용예가,126.0042,10,48700
광주광역시 북구,쌍용예가,126.0042,11,47000
광주광역시 북구,쌍용예가,126.0042,22,48500
광주광역시 북구,용봉동금호어울림,125.5959,15,37000
광주광역시 북구,현대,115.15,4,20500
광주광역시 북구,벽산블루밍메가씨티1단지,120.6054,18,45500
광주광역시 북구,운암동롯데캐슬1단지,122.2947,12,39500
광주광역시 북구,운암동롯데캐슬1단지,122.2947,13,38500
광주광역시 서구,금호베스트빌,132.749,1,40400
광주광역시 서구,삼익,122.08,9,23300
광주광역시 서구,광명하이츠,139.73,5,26300
광주광역시 서구,금호1차,142.55,4,23500
광주광역시 서구,대주2,127.2,11,36000
광주광역시 서구,대주2,127.2,4,37500
광주광역시 서구,대주2,127.2,3,38000
광주광역시 서구,동부센트레빌,114.989,14,41500
광주광역시 서구,금호1,134.94,2,34000
광주광역시 서구,금호1,134.94,1,33200
광주광역시 서구,금호타운3,134.94,7,29000
광주광역시 서구,대주,118.63,5,20000
광주광역시 서구,우미,116.035,13,25500
대구광역시 남구,대덕2차,113.09,8,28500
대구광역시 남구,미리내,169.94,4,35500
대구광역시 남구,앞산힐스테이트,125.5392,2,44500
대구광역시 남구,효성타운1차,130.17,1,40000
대구광역시 남구,효성타운1차,167.47,13,48000
대구광역시 남구,희망교대성유니드,124.6904,17,43200
대구광역시 달서구,성당코오롱하늘채,140.1546,11,44000
대구광역시 달서구,이안월배,123.377,18,46700
대구광역시 달서구,이안월배,123.377,25,46000
대구광역시 달서구,강산타운,134.63,6,30300
대구광역시 달서구,강산타운,134.63,4,31500
대구광역시 달서구,강산타운,134.63,14,31800
대구광역시 달서구,강산타운,134.63,13,32750
대구광역시 달서구,대곡사계절타운,116.95,1,24250
대구광역시 달서구,대곡사계절타운,134.92,1,27850
대구광역시 달서구,대곡사계절타운,134.92,14,29800
대구광역시 달서구,대곡사계절타운,134.92,8,31400
대구광역시 달서구,롯데캐슬레이크,128.13,2,46000
대구광역시 달서구,그린맨션2차,123.3,5,35900
대구광역시 달서구,그린맨션3차,110.97,4,35500
대구광역시 달서구,그린맨션3차,110.97,1,32500
대구광역시 달서구,성당래미안e-편한세상 1단지,127.31,3,47900
대구광역시 달서구,성당래미안e-편한세상 1단지,127.31,5,47500
대구광역시 달서구,유림노르웨이아침,119.533,16,33000
대구광역시 달서구,유림노르웨이아침,150.015,9,39000
대구광역시 달서구,동서,134.97,12,29300
대구광역시 달서구,보성은하,134.92,16,41500
대구광역시 달서구,보성은하,134.92,17,38750
대구광역시 달서구,상인대성스카이렉스,147.002,10,49500
대구광역시 달서구,상인동화아이위시,134.97,9,24000
대구광역시 달서구,상인영남화성타운,134.96,10,35000
대구광역시 달서구,서한,134.93,2,25000
대구광역시 달서구,월촌화성타운,134.9763,10,39900
대구광역시 달서구,성당래미안e-편한세상 3단지,127.31,8,48600
대구광역시 달서구,그린맨션,115.56,2,33100
대구광역시 달서구,한화꿈에그린,114.4,15,33700
대구광역시 달서구,한화꿈에그린,114.4,6,32500
대구광역시 달서구,성서2영남우방타운,120.75,8,36500
대구광역시 달서구,용산보성타운,112.45,14,30700
대구광역시 달서구,용산보성타운,112.45,13,32200
대구광역시 달서구,용산우방,119.49,7,35600
대구광역시 달서구,서한맨션,127.45,4,25800
대구광역시 달서구,서한맨션,127.45,8,25500
대구광역시 달서구,월성보성2,134.705,10,26500
대구광역시 달서구,월성청구타운,116.86,10,28000
대구광역시 달서구,태왕아너스베스트,127.044,25,49600
대구광역시 달서구,대곡역화성파크드림,134.1972,18,43000
대구광역시 달서구,대곡역화성파크드림,134.1972,24,42000
대구광역시 달서구,대곡역화성파크드림,134.1972,10,43250
대구광역시 달서구,성서2화성타운,134.95,12,35800
대구광역시 달서구,성서무지개타운,116.95,1,27000
대구광역시 달서구,성서푸른마을,134.94,8,30000
대구광역시 달서구,성서푸른마을,134.94,4,32000
대구광역시 달서구,대동펜타뷰,118.54,5,31700
대구광역시 달서구,장기파랑새마을,134.9834,12,41000
대구광역시 달서구,장기파랑새마을,134.9834,9,37000
대구광역시 달성군,다사e편한세상,126.6087,5,40000
대구광역시 달성군,다사e편한세상,126.6087,3,40000
대구광역시 달성군,대실역동화아이위시,119.9246,17,43500
대구광역시 달성군,서재보성2,134.98,9,23500
대구광역시 달성군,강창태성그린시티,121.81,18,25700
대구광역시 달성군,호반베르디움2차,111.0137,3,37000
대구광역시 달성군,호반베르디움2차,111.0137,13,39500
대구광역시 달성군,대구테크노폴리스중흥에스-클래스포디움,111.9724,13,46500
대구광역시 달성군,신동아파밀리에,115.654,12,38000
대구광역시 달성군,화원태왕타운,134.73,5,25000
대구광역시 동구,각산태영데시앙,125.2206,2,37000
대구광역시 동구,각산태영데시앙,125.2206,16,38300
대구광역시 동구,각산태영데시앙,133.236,4,39700
대구광역시 동구,각산태영데시앙,135.4474,3,39800
대구광역시 동구,각산태영데시앙,135.4474,10,40000
대구광역시 동구,우방강촌마을2,134.92,2,30000
대구광역시 동구,동대구삼환나우빌,116.6469,21,38800
대구광역시 동구,동대구삼환나우빌,116.6469,21,38800
대구광역시 동구,동대구삼환나우빌,116.6469,5,34800
대구광역시 동구,동대구삼환나우빌,116.6469,19,37000
대구광역시 동구,팔공보성타운2,134.92,13,33000
대구광역시 동구,진로이스트타운,134.91,2,34700
대구광역시 동구,태왕메트로시티,134.98,2,31000
대구광역시 동구,태왕메트로시티,134.98,4,32000
대구광역시 북구,금빛타운,120.93,9,27100
대구광역시 북구,금빛타운,120.93,4,27100
대구광역시 북구,화성그랜드파크,110.4038,4,40000
대구광역시 북구,복현블루밍브라운스톤명문세가,125.1,3,48000
대구광역시 북구,산격대우,114.79,8,37300
대구광역시 북구,산격대우,114.79,11,38200
대구광역시 북구,산격대우,114.79,18,38000
대구광역시 북구,칠곡이편한세상,124.8292,1,42600
대구광역시 북구,청구타운,134.96,12,30400
대구광역시 북구,청구타운,134.96,14,30400
대구광역시 북구,삼성,133.35,5,25900
대구광역시 북구,칠곡관음타운,134.37,10,27000
대구광역시 북구,칠곡관음타운,134.37,16,26300
대구광역시 북구,칠곡대백맨션,134.95,10,21000
대구광역시 북구,화성파크드림와이드,133.2941,12,38500
대구광역시 서구,삼익뉴타운,116.23,12,27900
대구광역시 서구,평리롯데캐슬,124.7848,10,39000
대구광역시 서구,평리푸르지오,113.2671,2,39500
대구광역시 수성구,노변대백,134.86,8,35500
대구광역시 수성구,범물한라맨션,132.01,5,35300
대구광역시 수성구,범물한라맨션,132.01,15,38000
대구광역시 수성구,청구타운,134.49,8,35500
대구광역시 수성구,청아타운,134.73,6,33900
대구광역시 수성구,시지대성유니드,123.4542,14,41500
대구광역시 수성구,시지대성유니드,123.4542,16,39800
대구광역시 수성구,정화우방팔레스,134.95,4,49800
대구광역시 수성구,정화우방팔레스,134.95,13,41000
대구광역시 수성구,시지보성서한아파트,116.65,9,34000
대구광역시 수성구,시지보성서한아파트,134.92,16,43500
대구광역시 수성구,유성푸르나임르노블,110.4618,17,46000
대구광역시 수성구,천마타운,121.04,15,38000
대구광역시 수성구,천마타운,121.04,14,39400
대구광역시 수성구,천마타운,121.04,13,39800
대구광역시 수성구,천마타운,134.97,3,44000
대구광역시 수성구,보성맨션,113.09,10,31800
대구광역시 수성구,화성맨션,132.82,13,36800
대전광역시 대덕구,보람,124.87,5,26100
대전광역시 대덕구,금강엑슬루타워,141.366,50,36200
대전광역시 대덕구,금강엑슬루타워,141.366,7,34000
대전광역시 대덕구,금강엑슬루타워,141.366,22,35500
대전광역시 대덕구,금강엑슬루타워,141.366,45,33580
대전광역시 대덕구,금강엑슬루타워,118.307,43,30500
대전광역시 대덕구,금강엑슬루타워,117.388,23,31000
대전광역시 대덕구,금강엑슬루타워,118.307,32,31500
대전광역시 대덕구,선비마을3단지,118.09,3,30800
대전광역시 대덕구,선비마을3단지,118.09,19,36200
대전광역시 대덕구,새여울라이프,126.39,6,23000
대전광역시 대덕구,새여울라이프,126.39,3,24600
대전광역시 동구,아침마을,118.92,5,37000
대전광역시 동구,아침마을,118.92,9,35500
대전광역시 동구,오투그란데,110.3271,31,23000
대전광역시 동구,오투그란데,110.3271,19,23500
대전광역시 동구,빌라맨션,140.289,4,17000
대전광역시 동구,스마트뷰,118.09,18,34700
대전광역시 동구,스마트뷰,118.09,3,33000
대전광역시 동구,스마트뷰,118.09,4,34000
대전광역시 동구,스마트뷰,118.09,12,36000
대전광역시 동구,신동아,111.69,10,19000
대전광역시 동구,크로바,139.94,15,16000
대전광역시 동구,한숲,114.75,6,25900
대전광역시 동구,동아아파트(201),134.6,11,20600
대전광역시 동구,위드힐,118.43,6,39500
대전광역시 서구,삼성래미안1,114.931,9,31800
대전광역시 서구,삼성래미안1,114.931,16,33000
대전광역시 서구,삼성래미안1,114.931,15,32300
대전광역시 서구,삼성래미안1,114.931,3,25000
대전광역시 서구,삼성래미안1,114.931,11,29900
대전광역시 서구,삼성래미안1,114.931,10,32500
대전광역시 서구,삼성래미안1,114.931,3,34000
대전광역시 서구,삼성래미안2,114.931,1,27900
대전광역시 서구,동건씨티빌2차,132,7,21000
대전광역시 서구,신성미소지움,145.5615,1,28800
대전광역시 서구,대자연마을,134.9,6,37500
대전광역시 서구,대자연마을,134.9,16,35000
대전광역시 서구,대자연마을,134.9,13,32900
대전광역시 서구,대자연마을,134.9,22,34000
대전광역시 서구,신선마을,119.72,8,27700
대전광역시 서구,신선마을,159.37,8,33800
대전광역시 서구,신선마을,119.72,11,34000
대전광역시 서구,신선마을,134.9,10,30800
대전광역시 서구,신선마을,134.9,3,27400
대전광역시 서구,롯데,133.88,8,28500
대전광역시 서구,롯데,133.88,2,23000
대전광역시 서구,롯데,133.88,14,27000
대전광역시 서구,맑은아침,134.1393,19,36700
대전광역시 서구,맑은아침,117.6918,4,36500
대전광역시 서구,가람,137.31,1,47500
대전광역시 서구,가람,122.73,3,47800
대전광역시 서구,국화동성,134.06,8,41000
대전광역시 서구,국화동성,134.06,5,40000
대전광역시 서구,국화라이프,114.28,4,41000
대전광역시 서구,국화라이프,114.28,3,39900
대전광역시 서구,국화라이프,114.28,7,44500
대전광역시 서구,국화라이프,114.28,8,43000
대전광역시 서구,국화라이프,114.28,14,40000
대전광역시 서구,국화라이프,149.99,1,41200
대전광역시 서구,국화신동아,127.95,1,44000
대전광역시 서구,국화우성,114.85,4,49000
대전광역시 서구,국화우성,114.85,14,49700
대전광역시 서구,국화우성,114.85,7,49000
대전광역시 서구,청솔아파트,126.02,4,39400
대전광역시 서구,누리,126.45,1,45000
대전광역시 서구,무궁화,134.85,4,48500
대전광역시 서구,무지개,118.98,1,41800
대전광역시 서구,삼정하이츠,124.005,8,18300
대전광역시 서구,우성,162.025,1,19300
대전광역시 서구,우성,128.6525,1,20400
대전광역시 서구,우성,128.6525,13,23000
대전광역시 서구,우성,162.025,10,24200
대전광역시 서구,우성,128.6525,2,20550
대전광역시 서구,엘아이지건영리가,113.2104,2,36900
대전광역시 유성구,계룡리슈빌(학의뜰),128.541,7,47500
대전광역시 유성구,계룡리슈빌(학의뜰),128.541,6,43000
대전광역시 유성구,오투그란데,118.4319,15,42000
대전광역시 유성구,오투그란데,118.4319,9,40900
대전광역시 유성구,오투그란데,119.3319,7,41000
대전광역시 유성구,오투그란데,119.3319,12,38000
대전광역시 유성구,오투그란데,118.4319,22,46000
대전광역시 유성구,오투그란데,119.3319,18,37500
대전광역시 유성구,오투그란데,119.3319,15,41000
대전광역시 유성구,오투그란데,118.4319,6,41000
대전광역시 유성구,오투그란데,119.3319,15,41000
대전광역시 유성구,오투그란데,119.3319,12,41500
대전광역시 유성구,오투그란데,119.3319,10,41500
대전광역시 유성구,금성백조예미지7단지아파트,128.8419,4,48500
대전광역시 유성구,한화꿈에그린,125.068,10,36500
대전광역시 유성구,한화꿈에그린,125.068,10,37000
대전광역시 유성구,한화꿈에그린,114.781,4,39900
대전광역시 유성구,한화꿈에그린,114.781,15,41000
대전광역시 유성구,한화꿈에그린2차,114.7815,2,48000
대전광역시 유성구,미메이드,121.3836,13,28000
대전광역시 유성구,미메이드,121.3836,2,26500
대전광역시 유성구,제이파크,122.3174,4,22800
대전광역시 유성구,제이파크,122.3174,8,25500
대전광역시 유성구,열매마을11단지(계룡리슈빌),128.345,10,36500
대전광역시 유성구,하우스토리네오미아,126.8524,13,37000
대전광역시 유성구,하우스토리네오미아,126.8524,11,36800
대전광역시 유성구,하우스토리네오미아,126.8524,4,34000
대전광역시 유성구,하우스토리네오미아,126.8524,2,34650
대전광역시 유성구,하우스토리네오미아,126.8524,4,34700
대전광역시 유성구,더포엠2,135.352,10,45000
대전광역시 유성구,타워코리아나주상복합,138.52,7,45000
대전광역시 유성구,유성자이,122.89,33,46500
대전광역시 유성구,한마을,132.67,2,28000
대전광역시 유성구,한마을,132.67,5,29000
대전광역시 유성구,한마을,132.67,11,34500
대전광역시 유성구,대림두레,119.76,5,31000
대전광역시 유성구,대림두레,119.76,15,29200
대전광역시 유성구,럭키하나,116.31,3,26800
대전광역시 유성구,한울,142.69,2,26800
대전광역시 유성구,한울,142.69,13,26500
대전광역시 유성구,한울,117.295,4,24000
대전광역시 유성구,한울,117.295,10,27500
대전광역시 유성구,한울,142.69,1,25000
대전광역시 유성구,한울,117.295,10,25500
대전광역시 유성구,한빛,117.295,5,46500
대전광역시 유성구,드림월드,131.0226,3,45000
대전광역시 유성구,월드컵패밀리타운,125.7427,5,34500
대전광역시 유성구,월드컵패밀리타운,125.7427,2,32500
대전광역시 유성구,월드컵패밀리타운,125.7427,21,34000
대전광역시 유성구,월드컵패밀리타운,125.7427,1,25700
대전광역시 유성구,월드컵패밀리타운,161.2521,4,45000
대전광역시 유성구,장대푸르지오,150.5898,2,45000
대전광역시 유성구,장대푸르지오,150.5898,2,40500
대전광역시 유성구,장대푸르지오,128.699,6,49500
대전광역시 유성구,한일유엔아이,122.7835,11,29000
대전광역시 유성구,삼성푸른,111.815,13,29800
대전광역시 유성구,엑스포,116.37,6,36000
대전광역시 유성구,엑스포,157.14,2,35000
대전광역시 유성구,엑스포,116.37,12,34000
대전광역시 유성구,엑스포,133.11,8,44850
대전광역시 유성구,엑스포,157.14,9,39900
대전광역시 유성구,엑스포,133.11,11,40000
대전광역시 유성구,엑스포,133.11,13,40000
대전광역시 유성구,엑스포,157.14,15,38000
대전광역시 유성구,엑스포,116.37,10,37700
대전광역시 유성구,엑스포,157.14,4,37500
대전광역시 유성구,엑스포,133.11,7,43500
대전광역시 유성구,엑스포,133.11,14,37000
대전광역시 유성구,엑스포,116.37,7,38800
대전광역시 유성구,엑스포,133.11,10,40000
대전광역시 유성구,엑스포,133.11,1,33200
대전광역시 유성구,경남아너스빌2차,118.51,10,25000
대전광역시 유성구,반석마을3단지(호반베르디움),113.96,4,49500
대전광역시 유성구,열매마을5단지(운암),163.99,4,49500
대전광역시 유성구,인앤인,132.5,7,34000
대전광역시 유성구,송림마을6단지(금실풍요로운),123.72,6,34700
대전광역시 유성구,송림마을6단지(금실풍요로운),157.63,16,47000
대전광역시 유성구,송림마을6단지(금실풍요로운),123.72,5,35000
대전광역시 중구,금호한사랑,161.66,3,30000
대전광역시 중구,계룡맨션,126.34,3,9600
대전광역시 중구,극동,114.3,3,15350
대전광역시 중구,삼성푸른,125.55,6,18700
대전광역시 중구,삼성푸른,125.55,4,19500
대전광역시 중구,하우스토리1차,115.14,21,32300
대전광역시 중구,하우스토리1차,115.55,15,31000
대전광역시 중구,하우스토리1차,116.09,18,33000
대전광역시 중구,하우스토리1차,115.06,12,31000
대전광역시 중구,하우스토리2차,146.98,20,43000
대전광역시 중구,하우스토리2차,146.26,23,49500
대전광역시 중구,하우스토리2차,146.98,25,47000
대전광역시 중구,하우스토리2차,146.26,6,43900
대전광역시 중구,한밭우성,134.62,4,22600
대전광역시 중구,현대,133.37,6,20000
대전광역시 중구,현대,129.73,15,30000
대전광역시 중구,현대,129.73,9,27800
대전광역시 중구,현대,129.73,4,27000
대전광역시 중구,현대,129.73,12,32500
대전광역시 중구,버드내1,169.85,24,39700
대전광역시 중구,버드내마을아파트2단지,164.961,6,38900
대전광역시 중구,삼부2,127.263,2,20000
대전광역시 중구,삼부2,127.263,1,21000
대전광역시 중구,삼부2,127.263,4,23200
대전광역시 중구,삼부4,120.66,5,23000
대전광역시 중구,새롬,134.986,8,27500
대전광역시 중구,태평,114.74,4,24600
대전광역시 중구,태평,114.74,5,23500
대전광역시 중구,태평,114.74,21,27750
대전광역시 중구,태평,114.74,2,25000
대전광역시 중구,태평,114.74,7,27500
대전광역시 중구,파라곤,130.55,6,40000
대전광역시 중구,파라곤,130.55,22,41700
대전광역시 중구,파라곤,118.96,27,36000
부산광역시 강서구,엘크루블루오션,147.97,2,47500
부산광역시 강서구,엘크루블루오션,124.47,3,45700
부산광역시 강서구,영어도시 퀸덤1차,117.27,12,39800
부산광역시 강서구,부산신호윌더하임,127.639,1,21500
부산광역시 금정구,구서동롯데캐슬골드2단지(1049),110.72,5,48500
부산광역시 금정구,구서쌍용스윗닷홈,143.4,10,36700
부산광역시 금정구,구서하모니빌리지,138.09,3,25000
부산광역시 금정구,남산하이츠타운,117.55,8,34700
부산광역시 금정구,금정빌라,146.89,2,21500
부산광역시 금정구,경동2차,128.8988,4,41000
부산광역시 기장군,정관현진에버빌,116.024,7,26500
부산광역시 기장군,정관현진에버빌,116.024,9,26500
부산광역시 기장군,정관 협성르네상스타운,116.8112,10,36000
부산광역시 기장군,정관신도시계룡리슈빌,112.6636,19,29500
부산광역시 기장군,정관신도시한진해모로,147.1351,10,37000
부산광역시 기장군,정관신도시한진해모로,123.4835,4,34800
부산광역시 기장군,정관신도시한진해모로,123.4835,3,30500
부산광역시 기장군,정관신도시한진해모로,122.9131,11,31800
부산광역시 기장군,정관신도시한진해모로,122.9131,4,29400
부산광역시 기장군,정관신도시한진해모로,135.6199,3,37200
부산광역시 기장군,정관신도시한진해모로,123.4835,4,30000
부산광역시 기장군,정관신동아파밀리에,116.69,2,29500
부산광역시 남구,썬그린타워빌,132.85,7,34000
부산광역시 남구,문현삼성힐타워,125.04,5,38000
부산광역시 남구,문현삼성힐타워,125.04,11,41000
부산광역시 남구,문현이안,120.28,17,40500
부산광역시 남구,삼성,149.98,24,48000
부산광역시 남구,삼성,149.98,16,47500
부산광역시 남구,LG메트로시티4-2,126.638,12,45000
부산광역시 남구,동림하이츠,138.28,7,22000
부산광역시 남구,엘지메트로시티(3),144.48,2,46700
부산광역시 남구,엘지메트로시티(3),125.4,3,45500
부산광역시 남구,엘지메트로시티1,119.25,10,47000
부산광역시 남구,엘지메트로시티1,119.25,6,45400
부산광역시 남구,오륙도에스케이뷰,123.307,4,43200
부산광역시 남구,일신보라,116.85,22,32100
부산광역시 동래구,동래우성,134.886,8,34200
부산광역시 동래구,한양,113.39,8,36800
부산광역시 동래구,한일유앤아이,112.1715,21,45700
부산광역시 동래구,사직2차삼정그린코아,131.5784,2,34800
부산광역시 동래구,사직쌍용예가,119.009,4,39000
부산광역시 동래구,사직쌍용예가,119.009,15,42000
부산광역시 동래구,한신,164.93,8,32500
부산광역시 동래구,한신,126.65,22,26000
부산광역시 동래구,화목,134.82,9,27000
부산광역시 동래구,벽산아스타,119.932,28,42800
부산광역시 동래구,벽산아스타,119.932,8,40500
부산광역시 동래구,삼오에펠빌리지,138.37,5,25000
부산광역시 부산진구,벽산2,136.68,5,36300
부산광역시 부산진구,엘지신개금(2-2),118.47,22,43800
부산광역시 부산진구,우성,127.22,14,27500
부산광역시 부산진구,현대아이,140.58,5,40500
부산광역시 부산진구,태우선파크,126.91,5,24500
부산광역시 부산진구,범일역 풍림아이원,125.9662,17,39500
부산광역시 부산진구,범일역 풍림아이원,112.5541,6,37200
부산광역시 부산진구,서면이-편한세상,119.738,4,38700
부산광역시 부산진구,부산서면 동문굿모닝힐,129.7704,18,46000
부산광역시 부산진구,협성피닉스타운,147.24,11,26300
부산광역시 부산진구,협성피닉스타운,158.95,2,30000
부산광역시 부산진구,더샵 센트럴스타,119.088,32,48250
부산광역시 부산진구,더샵 센트럴스타,121.21,35,48000
부산광역시 부산진구,선경,119.08,13,36900
부산광역시 부산진구,창신그린힐,130.32,8,24750
부산광역시 부산진구,초읍대우,134.64,8,28500
부산광역시 부산진구,초읍대우,134.64,20,28800
부산광역시 부산진구,한성빌리지,164.83,3,34500
부산광역시 북구,구포유림노르웨이숲2차,124.84775,2,33300
부산광역시 북구,유림2차(2),119.47,12,23500
부산광역시 북구,유림2차(2),154.18,9,28000
부산광역시 북구,대림쌍용강변타운,131.07,22,42300
부산광역시 북구,대림쌍용강변타운,128.32,16,47200
부산광역시 북구,대림타운2,111.74,19,32500
부산광역시 북구,대림타운3,111.74,12,26600
부산광역시 북구,대림타운4,111.74,25,32500
부산광역시 북구,대우이안,116.1967,4,39800
부산광역시 북구,롯데낙천대,116.817,10,47700
부산광역시 북구,코오롱하늘채1차,114.9,13,38700
부산광역시 북구,코오롱하늘채1차,147.198,8,41800
부산광역시 사상구,롯데캐슬,145.131,16,41700
부산광역시 사상구,엄궁대림,131.98,17,27000
부산광역시 사상구,엘지신주례1,164.85,9,36000
부산광역시 사상구,엘지신주례2,134.94,16,32000
부산광역시 사상구,엘지신주례2,134.94,17,32000
부산광역시 사상구,한일유엔아이,125.16,18,41000
부산광역시 사상구,한일유엔아이,149.93,6,38300
부산광역시 사상구,한일유엔아이,149.93,7,40000
부산광역시 사상구,한일유엔아이,149.93,8,37500
부산광역시 사상구,현대무지개타운,114.625,4,23400
부산광역시 사상구,학장벽산,119.24,9,24000
부산광역시 사상구,학장벽산,119.24,3,25000
부산광역시 사하구,감천유림2차,146.05,17,24000
부산광역시 사하구,자유,154.45,9,47500
부산광역시 사하구,다대동롯데캐슬몰운대,183.5443,19,47000
부산광역시 사하구,다대동롯데캐슬몰운대,117.59,8,28900
부산광역시 사하구,다대동롯데캐슬몰운대,140.435,6,36000
부산광역시 사하구,다대롯데캐슬블루,119.6398,10,48500
부산광역시 사하구,다대포현대,185.23,7,37000
부산광역시 사하구,다대푸르지오,121.965,16,44500
부산광역시 사하구,대우,134.96,8,31000
부산광역시 사하구,삼환,121.65,4,26000
부산광역시 사하구,삼환,121.65,19,30000
부산광역시 사하구,성원,134.96,24,40300
부산광역시 사하구,성원,134.96,12,30000
부산광역시 사하구,자유,144.61,1,21000
부산광역시 사하구,당리신익,179.1775,11,27000
부산광역시 사하구,동원베네스트2차,127.093,17,30500
부산광역시 사하구,신익강변타운,118.86,7,27500
부산광역시 사하구,가락타운2,138.56,9,34000
부산광역시 사하구,가락타운2,122.76,5,27800
부산광역시 서구,금호어울림,110.7,19,33000
부산광역시 서구,협성르네상스,126.58,16,44500
부산광역시 서구,협성르네상스,155.57,14,47000
부산광역시 수영구,광안동에스케이뷰,111.862,9,46500
부산광역시 수영구,상아,136.58,11,31000
부산광역시 수영구,삼성,115.715,12,32000
부산광역시 수영구,삼성,115.715,15,28500
부산광역시 수영구,진로비치(101~103동),134.94,13,40000
부산광역시 연제구,거제동2차동원로얄듀크,126.149,3,43000
부산광역시 연제구,연제그린타워,136.73,7,34500
부산광역시 연제구,선경,134.62,12,38000
부산광역시 영도구,국제마마뉴비치타운,121.26,9,25000
부산광역시 영도구,반도보라비치타운,134.31,17,27500
부산광역시 영도구,영도대원,148.27,5,35000
부산광역시 해운대구,메가센텀한화꿈에그린,119.3506,12,46000
부산광역시 해운대구,센텀대림아파트,126.93,6,30000
부산광역시 해운대구,대창,134.64,12,42500
부산광역시 해운대구,동신,150.98,6,46500
부산광역시 해운대구,삼성,134.97,20,45500
부산광역시 해운대구,엘지,134.94,9,43600
부산광역시 해운대구,한라,134.97,5,42900
부산광역시 해운대구,한일,128.37,11,42000
부산광역시 해운대구,해운대신시가지경동메르빌,115.1516,6,47500
서울특별시 구로구,동부(336),114.98,18,39500
서울특별시 구로구,동부(339),114.94,5,42500
서울특별시 구로구,동부골든,113.43,14,46500
서울특별시 금천구,관악산벽산타운5,114.84,18,49000
서울특별시 금천구,관악산벽산타운5,114.84,18,48500
서울특별시 금천구,관악산벽산타운5,114.84,12,47000
서울특별시 금천구,관악산벽산타운5,114.84,20,48000
서울특별시 금천구,벽산,114.84,12,42000
서울특별시 금천구,벽산,114.84,4,40500
서울특별시 금천구,벽산,114.84,5,39500
서울특별시 금천구,벽산,114.84,3,40700
서울특별시 금천구,벽산,114.84,14,42500
서울특별시 금천구,벽산,114.84,9,41400
서울특별시 금천구,벽산,114.84,11,42000
서울특별시 금천구,벽산,114.84,4,43000
서울특별시 금천구,벽산,114.84,9,43000
서울특별시 서대문구,나영힐빌리지,114.85,4,45000
서울특별시 성북구,정릉풍림아이원,114.75,6,49300
서울특별시 성북구,정릉풍림아이원,114.75,7,49700
서울특별시 양천구,금용,114.91,8,47800
서울특별시 은평구,현재트윈빌,113.02,8,47000
서울특별시 은평구,예원(86-126),112.21,7,42500
서울특별시 은평구,현대타운,162.98,8,41000
서울특별시 은평구,우성,115.67,12,44800
세종특별자치시 고운동,가락마을1단지(힐데스하임),111.3454,11,47500
세종특별자치시 조치원읍,목화,128.81,11,15300
세종특별자치시 조치원읍,세종e편한세상,152.785,4,26500
세종특별자치시 조치원읍,세종e편한세상,125.7081,1,22200
세종특별자치시 조치원읍,조치원 신흥 e편한세상(아),176.343,3,33800
세종특별자치시 조치원읍,조치원 신흥 e편한세상(아),118.198,11,27400
세종특별자치시 조치원읍,조치원 신흥 e편한세상(아),151.659,10,30500
세종특별자치시 조치원읍,조치원죽림자이,128.9491,8,24000
세종특별자치시 조치원읍,조치원죽림자이,128.9491,5,23200
세종특별자치시 한솔동,첫마을5단지(푸르지오),114.16,9,36600
세종특별자치시 한솔동,첫마을5단지(푸르지오),114.16,13,34900
세종특별자치시 한솔동,첫마을5단지(푸르지오),114.16,7,35800
세종특별자치시 한솔동,첫마을6단지(힐스테이트),114.14,18,39000
울산광역시 남구,달동월드메르디앙,121.8136,2,42000
울산광역시 남구,달동힐스테이트 1차,129.2774,13,47800
울산광역시 남구,삼환아르누보,119.16,22,41700
울산광역시 남구,현대2,127.691,12,35800
울산광역시 남구,현대2,127.691,9,37500
울산광역시 남구,무거동롯데캐슬,133.5245,1,44000
울산광역시 남구,무거위브자이,120.005,16,48000
울산광역시 남구,무거위브자이,119.617,12,47500
울산광역시 남구,무거위브자이,120.005,24,49000
울산광역시 남구,무거위브자이,119.617,8,48900
울산광역시 남구,무거위브자이,119.617,16,47800
울산광역시 남구,무거위브자이,120.005,2,44000
울산광역시 남구,무거위브자이,119.617,10,47800
울산광역시 남구,대우푸르지오,121.9179,8,37500
울산광역시 남구,대우푸르지오,121.9179,17,38900
울산광역시 남구,대우푸르지오,121.9179,8,39000
울산광역시 남구,대우푸르지오,121.9179,19,39000
울산광역시 남구,삼산동대성스카이렉스,139.8,7,40000
울산광역시 남구,삼산현대,153.74,12,38000
울산광역시 남구,삼산현대,128.87,5,37500
울산광역시 남구,삼산현대,128.87,1,32400
울산광역시 남구,삼산현대,128.87,7,37800
울산광역시 남구,아데라움,136.296,8,42800
울산광역시 남구,아데라움,116.0578,11,39900
울산광역시 남구,아데라움,116.0578,17,38400
울산광역시 남구,아데라움,116.0578,10,37900
울산광역시 남구,아데라움,116.0578,18,38500
울산광역시 남구,아데라움,116.0578,2,36000
울산광역시 남구,아데라움,116.0578,14,38200
울산광역시 남구,팔레드상떼,159.243,17,45700
울산광역시 남구,한화꿈에그린2단지,127.4689,9,38000
울산광역시 남구,대공원코오롱파크폴리스,119.74,16,48000
울산광역시 남구,대공원코오롱파크폴리스,119.74,11,49300
울산광역시 남구,동문아뮤티,135.29,15,41200
울산광역시 남구,동문아뮤티,135.29,22,39900
울산광역시 남구,두산위브더제니스,144.497,42,39500
울산광역시 남구,신정현대홈타운(2),114.6,1,28000
울산광역시 남구,신정현대홈타운(2),114.6,17,32000
울산광역시 남구,신정현대홈타운3,114.6,4,34500
울산광역시 남구,태화강풍림엑슬루타워,129.28,22,42000
울산광역시 남구,롯데캐슬골드1단지,116.82,13,41500
울산광역시 남구,롯데캐슬골드1단지,129.53,1,41800
울산광역시 남구,롯데캐슬골드1단지,116.82,3,39500
울산광역시 남구,롯데캐슬골드1단지,116.82,5,35500
울산광역시 남구,롯데캐슬골드1단지,129.53,25,45000
울산광역시 남구,롯데캐슬골드1단지,157.06,4,45000
울산광역시 남구,롯데캐슬골드1단지,129.53,6,46400
울산광역시 남구,롯데캐슬골드2단지,116.82,10,42500
울산광역시 남구,롯데캐슬골드2단지,129.53,13,45500
울산광역시 남구,롯데캐슬골드2단지,116.82,18,46300
울산광역시 남구,롯데캐슬골드2단지,157.06,3,46400
울산광역시 남구,롯데캐슬골드2단지,116.82,9,46800
울산광역시 남구,신정현대홈타운(1),114.6,14,34800
울산광역시 남구,신정현대홈타운(1),114.6,10,37700
울산광역시 남구,신정현대홈타운(2),114.6,21,29000
울산광역시 남구,신정현대홈타운(2),114.6,25,31000
울산광역시 남구,신정현대홈타운(2),114.6,4,27900
울산광역시 남구,옥동현대(101),125.976,5,34000
울산광역시 동구,서부성원상떼빌,114.03,20,33300
울산광역시 동구,e편한세상전하,114.99,17,44000
울산광역시 동구,울산전하푸르지오,121.9761,13,46300
울산광역시 동구,울산전하푸르지오,151.9027,13,45500
울산광역시 동구,전하아이파크,116.022,10,42000
울산광역시 북구,달천아이파크1차,123.829,13,41300
울산광역시 북구,달천아이파크1차,123.829,8,34800
울산광역시 북구,달천아이파크1차,134.905,9,36000
울산광역시 북구,월드메르디앙월드시티,160.3387,22,38500
울산광역시 북구,월드메르디앙월드시티,160.3387,2,33900
울산광역시 북구,월드메르디앙월드시티,129.796,5,34000
울산광역시 북구,월드메르디앙월드시티,129.796,1,34500
울산광역시 북구,울산신천 엠코타운,121.9028,18,30400
울산광역시 북구,울산신천 엠코타운,121.5016,14,30900
울산광역시 북구,울산신천 엠코타운,121.5016,15,30400
울산광역시 북구,울산신천 엠코타운,121.5016,10,28000
울산광역시 북구,울산신천 엠코타운,121.9028,6,28400
울산광역시 북구,울산신천 엠코타운,121.9028,7,27750
울산광역시 북구,양정힐스테이트,114.845,1,28300
울산광역시 북구,디아채,123.7856,1,24400
울산광역시 북구,디아채,123.7856,15,25200
울산광역시 북구,천곡 웰빙,111.2175,4,13400
울산광역시 북구,한우리,129.9,2,21000
울산광역시 울주군,구영1차우미린,123.5365,6,41000
울산광역시 울주군,구영1차우미린,123.5365,17,40700
울산광역시 울주군,구영2차푸르지오,123.7,4,40700
울산광역시 울주군,문수산동문굿모닝힐,143.465,8,46200
울산광역시 울주군,월드메르디앙,110.5006,15,44500
울산광역시 울주군,신울산경남아너스빌,118.3019,2,27000
울산광역시 울주군,두산위브,123.68,9,33000
울산광역시 울주군,한그린,118.08,1,15500
울산광역시 중구,에일린의뜰,114.7345,5,44400
울산광역시 중구,에일린의뜰,133.2012,14,44400
울산광역시 중구,삼성래미안2차4단지,142.5623,10,45500
울산광역시 중구,우정I'PARK,110.5254,9,49300
울산광역시 중구,우정I'PARK,110.5254,4,49000
울산광역시 중구,울산유곡푸르지오,131.0796,17,48000
울산광역시 중구,울산유곡푸르지오,114.8852,11,47500
울산광역시 중구,울산유곡푸르지오,131.0796,13,49200
울산광역시 중구,울산유곡푸르지오,114.8852,14,49600
울산광역시 중구,울산유곡푸르지오,131.0796,1,42700
울산광역시 중구,울산유곡푸르지오,114.648,16,47500
울산광역시 중구,유곡e편한세상,125.4051,5,44300
울산광역시 중구,유곡e편한세상,126.1245,13,47400
울산광역시 중구,유곡e편한세상,125.4051,22,46800
울산광역시 중구,유곡e편한세상,125.4051,5,45200
인천광역시 계양구,서운동경남아너스빌,133.2525,7,42000
인천광역시 계양구,초정마을(동아),127.05,18,45500
인천광역시 계양구,초정마을(두산),122.04,9,41900
인천광역시 계양구,초정마을(쌍용),122.04,3,40000
인천광역시 계양구,금호어울림,111.94,11,37300
인천광역시 계양구,풍림,155.63,20,38400
인천광역시 계양구,현대1,129.73,19,34500
인천광역시 계양구,현대1,129.73,15,35000
인천광역시 남동구,간석래미안자이,143.22,2,49500
인천광역시 남동구,어울림마을,126.29,10,40900
인천광역시 남동구,어울림마을,126.29,3,39750
인천광역시 남동구,어울림마을,126.29,13,41800
인천광역시 남동구,구월힐스테이트,115.6671,20,49000
인천광역시 남동구,구월힐스테이트,115.6671,17,46300
인천광역시 남동구,구월힐스테이트,115.6671,15,46300
인천광역시 남동구,구월힐스테이트,115.6671,7,44000
인천광역시 남동구,구월힐스테이트,115.6671,12,43000
인천광역시 남동구,구월힐스테이트,115.6671,4,40500
인천광역시 남동구,구월힐스테이트,115.6671,15,49700
인천광역시 남동구,구월힐스테이트,115.6671,3,47800
인천광역시 남동구,구월힐스테이트,115.6671,8,46000
인천광역시 남동구,구월힐스테이트,115.6671,13,44400
인천광역시 남동구,동아(260-5),126.66,6,31500
인천광역시 남동구,동아(260-5),113.19,5,30700
인천광역시 남동구,롯데캐슬골드,115.6671,3,43000
인천광역시 남동구,롯데캐슬골드,115.6671,18,46000
인천광역시 남동구,롯데캐슬골드,115.6671,2,40900
인천광역시 남동구,롯데캐슬골드,115.6671,13,45300
인천광역시 남동구,롯데캐슬골드,115.6671,7,45000
인천광역시 남동구,롯데캐슬골드,115.6671,2,43800
인천광역시 남동구,롯데캐슬골드,115.6671,11,44800
인천광역시 남동구,롯데캐슬골드,115.6671,3,42500
인천광역시 남동구,풍림3차,123.403,21,31500
인천광역시 남동구,냇마을신영지웰(9단지),131.8954,12,41500
인천광역시 남동구,냇마을신영지웰(9단지),152.5702,7,45500
인천광역시 남동구,냇마을신영지웰(9단지),131.8954,8,39200
인천광역시 남동구,냇마을신영지웰(9단지),131.8954,8,40000
인천광역시 남동구,냇마을신영지웰(9단지),152.5702,4,44300
인천광역시 남동구,냇마을신영지웰(9단지),131.8954,21,41500
인천광역시 남동구,논현힐스테이트,115.3907,8,46500
인천광역시 남동구,논현힐스테이트,117.2657,14,42900
인천광역시 남동구,논현힐스테이트,117.2657,16,43500
인천광역시 남동구,별빛마을웰카운티(10단지),128.33,14,39650
인천광역시 남동구,새터마을신일해피트리(7단지),156.168,6,43500
인천광역시 남동구,새터마을신일해피트리(7단지),134.894,9,38000
인천광역시 남동구,새터마을신일해피트리(7단지),156.168,6,45000
인천광역시 남동구,어진마을한화꿈에그린(6단지),119.877,12,36500
인천광역시 남동구,어진마을한화꿈에그린(6단지),119.951,3,37300
인천광역시 남동구,에코메트로10,117.992,12,48700
인천광역시 남동구,에코메트로11,115.069,21,44750
인천광역시 남동구,에코메트로12,122.579,8,43500
인천광역시 남동구,에코메트로12,122.579,19,44500
인천광역시 남동구,에코메트로12,154.104,2,46000
인천광역시 남동구,에코메트로5,117.992,33,46000
인천광역시 남동구,에코메트로5,117.992,39,47300
인천광역시 남동구,풍림,124.725,7,31200
인천광역시 남동구,풍림,124.725,10,27000
인천광역시 남동구,금호,124.05,8,27800
인천광역시 남동구,현대,125.88,18,30300
인천광역시 남동구,서창자이,141.855,13,40500
인천광역시 남동구,임광그대가,134.54,6,34800
인천광역시 미추홀구,삼환1,156.27,12,38000
인천광역시 미추홀구,금호타운1차,147.01,8,29000
인천광역시 미추홀구,인천 SK Sky VIEW,115.3445,3,49500
인천광역시 미추홀구,인천용현엑슬루타워,110.5065,38,32950
인천광역시 미추홀구,"월드스테이트(101~111,124~132)",126.919,17,39500
인천광역시 미추홀구,"월드스테이트(101~111,124~132)",126.919,22,40500
인천광역시 미추홀구,진흥,122.24,1,27200
인천광역시 미추홀구,동아풍림,123.51,11,32500
인천광역시 미추홀구,동아풍림,144.65,9,32000
인천광역시 미추홀구,동아풍림,123.51,3,30700
인천광역시 미추홀구,동아풍림,167.26,7,33500
인천광역시 미추홀구,신동아3,151.59,15,25000
인천광역시 미추홀구,신동아4,112.17,7,25000
인천광역시 미추홀구,신동아5,127.02,6,29000
인천광역시 미추홀구,신동아7,127.06,1,24000
인천광역시 미추홀구,엑슬루타워,130.897,10,41700
인천광역시 미추홀구,엑슬루타워,116.509,9,38000
인천광역시 미추홀구,정광,121.73,6,22000
인천광역시 미추홀구,풍림아이원,122.1946,1,40000
인천광역시 미추홀구,하나2차,126.03,9,26400
인천광역시 부평구,대동1,125.07,15,30800
인천광역시 부평구,두산,134.37,12,39000
인천광역시 부평구,태화(363),125.56,2,34800
인천광역시 부평구,태화(363),125.56,8,36200
인천광역시 부평구,상우신명보람,111.41,4,42300
인천광역시 부평구,상우신명보람,111.41,16,44900
인천광역시 부평구,상우신명보람,111.41,6,48900
인천광역시 부평구,상우신명보람,111.41,6,43000
인천광역시 부평구,"푸른마을한신,삼부",134.965,6,47800
인천광역시 부평구,"푸른마을한신,삼부",134.965,2,46700
인천광역시 부평구,동아(1차),122.65,4,49500
인천광역시 부평구,경남3차,159.4818,4,44500
인천광역시 부평구,경남3차,123.93,12,37700
인천광역시 부평구,경남3차,123.93,7,37500
인천광역시 부평구,경남4차,123.93,4,34500
인천광역시 부평구,금호이수마운트밸리,115.0311,16,49700
인천광역시 부평구,금호이수마운트밸리,115.0311,16,48800
인천광역시 부평구,금호이수마운트밸리,115.0311,7,47500
인천광역시 부평구,뉴서울(264-1),129.96,15,27800
인천광역시 부평구,한신휴,127.207,15,40000
인천광역시 부평구,현대(124-1),133.448,15,34300
인천광역시 부평구,현대(124-1),133.448,8,35000
인천광역시 부평구,현대1차,131.16,12,33000
인천광역시 부평구,현대1차,146.24,3,37200
인천광역시 부평구,현대3차,125.34,14,37000
인천광역시 부평구,현대3차,125.34,8,35300
인천광역시 부평구,동암신동아,130.8,23,34250
인천광역시 부평구,동암신동아,130.8,6,34500
인천광역시 부평구,청천푸르지오,133.71,4,35500
인천광역시 서구,예뜰채,125.7715,4,25500
인천광역시 서구,한국,126.79,10,27500
인천광역시 서구,진주2,116.6,7,24700
인천광역시 서구,진주2,116.6,10,26500
인천광역시 서구,진주2,116.6,2,25500
인천광역시 서구,진주2,116.6,12,25300
인천광역시 서구,진주5,163.51,15,33300
인천광역시 서구,한신휴플러스,143.47,14,39400
인천광역시 서구,한신휴플러스,114.87,22,39500
인천광역시 서구,한신휴플러스,143.47,22,41800
인천광역시 서구,한신휴플러스,114.87,15,39500
인천광역시 서구,태평샹베르1차,114.823,1,26400
인천광역시 서구,탑스빌(성웅),116.24,2,25500
인천광역시 서구,탑스빌(영남),136.95,16,28500
인천광역시 서구,검단2차아이파크,114.2469,15,44300
인천광역시 서구,검단힐스테이트2차(검단2지구 23BL 1L),123.158,11,35200
인천광역시 서구,검단힐스테이트2차(검단2지구 23BL 1L),123.158,10,39000
인천광역시 서구,검단힐스테이트2차(검단2지구 23BL 1L),123.158,14,38000
인천광역시 서구,영남,200.18,12,32000
인천광역시 서구,백두퀸스빌,166.29,2,17000
인천광역시 서구,신현이편한세상하늘채,114.948,21,43500
인천광역시 서구,신현이편한세상하늘채,170.348,19,49500
인천광역시 서구,신현이편한세상하늘채,170.348,23,49500
인천광역시 서구,신현이편한세상하늘채,170.348,3,48300
인천광역시 서구,신현이편한세상하늘채,170.348,12,49800
인천광역시 서구,신현이편한세상하늘채,156.29,18,44000
인천광역시 서구,한국2,130.14,10,30000
인천광역시 서구,대림e-편한세상(검단2지구 66BL 1L),132.668,10,36000
인천광역시 서구,대림e-편한세상(검단2지구 66BL 1L),132.668,10,35300
인천광역시 서구,대림e-편한세상(검단2지구 66BL 1L),120.069,7,33300
인천광역시 서구,대림e-편한세상(검단2지구 66BL 1L),132.668,8,36000
인천광역시 서구,NPART,117.9506,5,49400
인천광역시 서구,엑슬루타워,110.22,38,48400
인천광역시 서구,청라골드클래스,116.4914,17,45500
인천광역시 서구,청라동양엔파트,118.8352,27,48000
인천광역시 서구,청라반도유보라,126.0777,2,41500
인천광역시 서구,청라자이,115.5101,19,49400
인천광역시 서구,청라제일풍경채,115.9895,9,48500
인천광역시 서구,청라지구중흥S-CLASS1단지,119.5876,16,48500
인천광역시 서구,청라지구중흥S-CLASS2단지,141.3898,1,49000
인천광역시 연수구,금호타운,134.63,15,32250
인천광역시 연수구,래미안,119.4,8,30300
인천광역시 연수구,연수 대우.삼환,120.72,10,39000
인천광역시 연수구,뉴서울,126.89,18,32900
인천광역시 연수구,더샵퍼스트월드,116.125,10,48000
인천광역시 연수구,더샵퍼스트월드,116.125,9,49000
인천광역시 연수구,송도코오롱더프라우3단지,129.394,19,49500
인천광역시 연수구,송도풍림아이원1단지,114.7008,6,43400
인천광역시 연수구,송도풍림아이원1단지,114.7008,18,46000
인천광역시 연수구,송도풍림아이원4단지,114.8862,6,44000
인천광역시 연수구,우성1,133.623,14,35000
인천광역시 연수구,우성1,131.93,17,37500
인천광역시 연수구,럭키송도,134.94,12,31500
인천광역시 연수구,쌍용,124.53,5,33000
인천광역시 연수구,현대,138.65,7,28000
인천광역시 연수구,현대,164.46,12,33000
인천광역시 중구,삼성,130.675,16,28000
인천광역시 중구,영종자이,138.6111,15,39400
인천광역시 중구,영종자이,127.7293,6,32250
인천광역시 중구,영종자이,113.006,15,38700
인천광역시 중구,영종어울림1차,126.28,3,29900
인천광역시 중구,영종어울림1차,126.28,5,30000
인천광역시 중구,영종어울림2차,148.187,8,34000
인천광역시 중구,스카이시티자이,112.9783,11,46500
인천광역시 중구,스카이시티자이,112.9783,9,45000
인천광역시 중구,하늘도시 한라비발디,115.4255,18,34800
인천광역시 중구,하늘도시 한라비발디,115.4255,20,40500
인천광역시 중구,라이프비취3차,125.68,5,18900
전라남도 광양시,브라운스톤 가야,155.8785,5,25000
전라남도 광양시,브라운스톤 가야,155.8785,11,27300
전라남도 광양시,광양중마우림필유,118.432,5,30000
전라남도 나주시,광주전남공동혁신도시 빛가람 대방엘리움 로얄카운티 1차,116.5193,14,44220
전라남도 목포시,대송에이스빌,126.6063,5,17500
전라남도 목포시,종원빌라트,110.61,4,7700
전라남도 목포시,중앙하이츠,131.54,9,14700
전라남도 목포시,우성,133.99,2,17950
전라남도 목포시,케이디빌리앙뜨,119.6252,15,39200
전라남도 목포시,목포한국아델리움,151.8876,10,38596
전라남도 목포시,우미오션빌,120.2525,5,22500
전라남도 목포시,우미파렌하이트,127.7074,13,46000
전라남도 목포시,한라비발디,127.9,12,41000
전라남도 목포시,한라비발디,130.49,17,40500
전라남도 목포시,한라비발디,130.49,16,38800
전라남도 목포시,동아,164.4,2,17000
전라남도 목포시,신안인스빌,137.4487,8,21000
전라남도 무안군,근화베아체비올레,122.2885,17,38000
전라남도 무안군,부영애시앙,115.7575,13,24800
전라남도 순천시,양우내안애,129.5918,11,32000
전라남도 순천시,양우내안애,146.7631,18,32500
전라남도 순천시,벽산첼시빌,115.848,1,16900
전라남도 순천시,금호타운,134.94,3,23000
전라남도 순천시,현대1,119.37,13,20900
전라남도 순천시,순천 왕지동 롯데캐슬 ,128.777,11,43900
전라남도 순천시,금당대림,113.956,8,20200
전라남도 순천시,동신2,114.9,10,21700
전라남도 여수시,문수코아루수,127.5574,14,37000
전라남도 여수시,세종캐슬하임,141.1517,3,37000
전라남도 여수시,피오레,128.4489,9,36500
전라남도 여수시,선경3,118.71,9,25000
전라남도 여수시,우미오션빌,120.2616,14,34000
전라남도 여수시,우미오션빌,120.2616,6,33500
전라남도 여수시,프레지던트,124.77,14,33500
전라남도 여수시,우림필유아파트,123.0088,3,41000
전라남도 여수시,우림필유아파트,123.0088,7,43600
전라남도 여수시,우림필유아파트,123.0088,15,49000
전라남도 여수시,금호타운,134.74,6,25750
전라남도 여수시,대주,118,13,20700
전라남도 여수시,코아루,123.1377,6,31300
전라남도 여수시,현대건설,128.055,7,27500
전라남도 화순군,부영2,131.85,4,19000
전라북도 군산시,동신,114.6,5,15250
전라북도 군산시,금광베네스타,130.82,20,23500
전라북도 군산시,금광베네스타,130.82,13,22500
전라북도 군산시,미장코아루,152.664,4,29000
전라북도 군산시,미장코아루,152.664,1,26500
전라북도 군산시,미장코아루,181.101,2,35000
전라북도 군산시,삼학대우,131.43,13,13700
전라북도 군산시,수송아이파크,119.9488,2,30000
전라북도 군산시,수송아이파크,119.9488,11,33000
전라북도 군산시,수송아이파크,119.9488,12,31200
전라북도 군산시,제일오투그란데2단지,110.1911,8,29300
전라북도 군산시,한라비발디1단지,132.3131,6,37500
전라북도 군산시,한라비발디1단지,155.9046,3,41100
전라북도 군산시,클래시움,166.464,1,19050
전라북도 남원시,메카센트럴,123.9783,14,24150
전라북도 익산시,우림모현한솔,137.4,3,16000
전라북도 익산시,익산자이,130.1109,9,37100
전라북도 익산시,익산자이,130.1109,12,38300
전라북도 익산시,현대,126.68,8,25600
전라북도 익산시,신일,110.44,6,20400
전라북도 익산시,신일,129.29,10,23500
전라북도 익산시,제일3차(2차2단지),113.17,12,27000
전라북도 전주덕진구,금암중앙하이츠,145.63,8,25000
전라북도 전주덕진구,송천동센트럴파크1단지,143.7874,10,32900
전라북도 전주덕진구,송천아이파크5단지,126.5005,2,35900
전라북도 전주덕진구,용소마을제일,134.97,4,19000
전라북도 전주덕진구,한양,116.725,9,13800
전라북도 전주덕진구,에코시티자이,116.8624,12,49000
전라북도 전주덕진구,럭키우아,162.918,8,15500
전라북도 전주덕진구,인후동한신휴플러스,114.805,17,33500
전라북도 전주덕진구,호반베르디움 6단지,111.0137,18,39800
전라북도 전주덕진구,호반베르디움더클래스,118.2247,4,39000
전라북도 전주덕진구,호반베르디움더클래스,118.2247,10,41300
전라북도 전주덕진구,전북혁신호반건설더클래스2,118.1541,2,43500
전라북도 전주덕진구,거성고속맨션2차,122.04,13,13750
전라북도 전주덕진구,동국해성,134.89,12,25300
전라북도 전주덕진구,우성,134.34,19,18500
전라북도 전주덕진구,엘지동아,126.27,6,18000
전라북도 전주덕진구,진흥더블파크1단지,144.6232,2,26500
전라북도 전주덕진구,진흥더블파크1단지,144.6232,8,29000
전라북도 전주덕진구,진흥더블파크1단지,117.8946,7,27500
전라북도 전주덕진구,진흥W-PARK,128.354,2,29500
전라북도 전주덕진구,진흥W-PARK,128.354,2,29300
전라북도 전주완산구,이안전주삼천,119.23,11,33500
전라북도 전주완산구,서신e편한세상,166.744,12,49500
전라북도 전주완산구,광진햇빛찬,111.06,9,24700
전라북도 전주완산구,오성은하,142.32,8,15500
전라북도 전주완산구,전주태평SKVIEW,164.1304,3,47500
전라북도 전주완산구,동아현대,134.79,11,25350
전라북도 전주완산구,남양황실,154.51,20,15300
전라북도 전주완산구,남양황실,131.85,15,14600
전라북도 전주완산구,유진청하맨션A,111.19,4,8200
전라북도 전주완산구,효자롯데,128.62,1,19100
전라북도 전주완산구,골든팰리스휴먼시아,149.82,14,49500
전라북도 전주완산구,골든팰리스휴먼시아,119.98,4,36600
전라북도 전주완산구,골든팰리스휴먼시아,134.86,11,44000
전라북도 전주완산구,골든팰리스휴먼시아,119.98,2,34500
전라북도 전주완산구,더샵2차,145.4071,7,48000
전라북도 전주완산구,더샵2차,145.4071,1,43500
전라북도 전주완산구,더샵효자,125.9471,19,37950
전라북도 전주완산구,더샵효자,125.9471,12,38900
전라북도 전주완산구,엘드효자2차수목토,153.0651,13,44000
전라북도 전주완산구,풍림아이원,121.6645,6,33250
전라북도 정읍시,미가아파트,119.19,2,27900
전라북도 정읍시,정읍연지동영무예다음,118.54,6,36500
전라북도 정읍시,정읍연지동영무예다음,118.54,7,37300
제주특별자치도 서귀포시,대림이편한세상,123.646,4,41000
제주특별자치도 서귀포시,일호지오빌,133.7548,2,42300
제주특별자치도 제주시,제일(가동),118.22,1,28500
제주특별자치도 제주시,신산하이츠빌,117.81,10,28000
제주특별자치도 제주시,엠라이프빌,119.16,10,30200
충청남도 계룡시,신성미소지움2차,150.91,7,27900
충청남도 계룡시,신성미소지움2차,130.2,1,25500
충청남도 계룡시,신성미소지움2차,150.91,10,29000
충청남도 계룡시,우림루미아트,123.6361,2,22000
충청남도 계룡시,계룡더샵아파트,121.28,10,28500
충청남도 계룡시,계룡더샵아파트,121.28,6,28400
충청남도 계룡시,계룡더샵아파트,161.61,3,33500
충청남도 공주시,삼환나우빌,143.737,13,34000
충청남도 논산시,부국,120.69,10,11700
충청남도 당진시,당진대상,117.31,14,17000
충청남도 당진시,당진롯데캐슬,127.223,16,28000
충청남도 당진시,남산공원 휴먼빌,129.9087,14,33500
충청남도 당진시,당진1차푸르지오,150.1581,16,37850
충청남도 당진시,대동 다:숲 ,126.663,10,23500
충청남도 당진시,대동 다:숲 ,126.663,1,23500
충청남도 당진시,쉐르빌,124.67,11,19800
충청남도 당진시,채운공원 휴먼빌 ,118.4348,7,22000
충청남도 당진시,뉴페이스A동,113.94,8,16000
충청남도 보령시,흥화,134.7,4,12000
충청남도 보령시,동대동현대,114.972,15,14000
충청남도 서산시,동문동코아루,130.736,8,30300
충청남도 서산시,서산동문동한라비발디,138.52,11,33500
충청남도 서산시,석림중앙하이츠빌,121.1887,15,27000
충청남도 서산시,대림동신,129.38,1,12000
충청남도 서산시,서산읍내현대,111.753,19,22000
충청남도 서산시,삼성1차,126.73,9,11200
충청남도 서산시,한서,117.55,3,11000
충청남도 아산시,남산현대,113.88,13,16500
충청남도 아산시,배방한성필하우스1단지,121.0007,12,25000
충청남도 아산시,새솔마을중앙하이츠3차,124.1738,12,23450
충청남도 아산시,연화마을STX KAN6단지,114.3723,6,35000
충청남도 아산시,연화마을STX KAN6단지,114.3723,8,35500
충청남도 아산시,연화마을STX KAN6단지,114.7277,16,36000
충청남도 아산시,연화마을STX KAN6단지,114.3723,4,34700
충청남도 아산시,연화마을STX KAN6단지,114.3723,12,35900
충청남도 아산시,연화마을STX KAN6단지,114.3723,7,36000
충청남도 아산시,요진 와이시티,114.4272,30,49000
충청남도 아산시,요진 와이시티,114.1455,5,48000
충청남도 아산시,요진 와이시티,114.1455,29,48000
충청남도 아산시,요진 와이시티,114.4272,4,44000
충청남도 아산시,요진 와이시티,114.1455,19,48000
충청남도 아산시,요진 와이시티,114.4272,17,48500
충청남도 아산시,요진 와이시티,114.4272,26,48100
충청남도 아산시,요진 와이시티,114.1455,10,48000
충청남도 아산시,요진 와이시티,114.2464,16,47500
충청남도 아산시,용연마을STX KAN4단지,114.3723,9,32000
충청남도 아산시,용연마을휴먼시아2단지,129.29,14,37000
충청남도 아산시,아산코아루에듀파크,117.562,9,18000
충청남도 아산시,용화 아이파크,110.876,1,32200
충청남도 아산시,더샵레이크사이드,133.1602,14,18000
충청남도 아산시,더샵레이크사이드,133.1602,6,18500
충청남도 아산시,탕정삼성트라팰리스,125.25,21,34300
충청남도 아산시,탕정삼성트라팰리스,144.43,4,42000
충청남도 아산시,탕정삼성트라팰리스,144.43,27,42500
충청남도 아산시,탕정삼성트라팰리스,125.25,8,37000
충청남도 아산시,탕정삼성트라팰리스3단계,125.25,16,47000
충청남도 아산시,현대아이파크(아),117.707,14,25400
충청남도 예산군,예산발연계룡리슈빌,116.07,5,23500
충청남도 예산군,예산발연계룡리슈빌,116.07,7,23400
충청남도 예산군,예산우방유쉘,110.52,2,23000
충청남도 천안동남구,신방동대주피오레,119.637,5,23300
충청남도 천안동남구,신방동대주피오레,119.637,14,23300
충청남도 천안동남구,신방한성필하우스,148.7913,12,35200
충청남도 천안동남구,경남아너스빌,115.602,1,20000
충청남도 천안동남구,대림1차이편한세상,120.722,10,24500
충청남도 천안동남구,부경파크빌2차,135.805,5,19000
충청남도 천안동남구,안서2차e-편안세상,158.577,4,23000
충청남도 천안동남구,용곡1차세광엔리치타워,128.4557,13,21000
충청남도 천안동남구,용곡1차세광엔리치타워,153.0645,1,19600
충청남도 천안동남구,용곡더쉴,194.809,13,47400
충청남도 천안동남구,용곡더쉴,124.535,5,28000
충청남도 천안동남구,용곡동 우림필유,120.197,4,26300
충청남도 천안동남구,용곡마을세광2차엔리치타워,152.049,1,25000
충청남도 천안동남구,용곡마을아이파크,156.099,7,26000
충청남도 천안동남구,용곡삼성쉐르빌,125.328,15,32500
충청남도 천안동남구,용곡삼성쉐르빌,125.328,16,33700
충청남도 천안동남구,용곡한라비발디,161.2055,11,39500
충청남도 천안동남구,우미린,164.055,19,38000
충청남도 천안동남구,우미린,121.6626,3,30700
충청남도 천안동남구,우미린,134.6,3,36000
충청남도 천안동남구,우미린,151.3664,8,40000
충청남도 천안동남구,우미린,121.6626,11,34000
충청남도 천안동남구,경남아너스빌,120.424,10,21900
충청남도 천안동남구,경남아너스빌,120.096,12,24800
충청남도 천안서북구,두정역이안더센트럴,114.946,21,31500
충청남도 천안서북구,두정역이안더센트럴,114.946,8,27500
충청남도 천안서북구,두정역이안더센트럴,114.946,20,27780
충청남도 천안서북구,두정역코아루스위트,110.908,11,28700
충청남도 천안서북구,두정역푸르지오,150.9459,8,35200
충청남도 천안서북구,한성필하우스3차,124.1292,15,30400
충청남도 천안서북구,백석2차아이파크,122.666,4,47000
충청남도 천안서북구,백석2차아이파크,122.666,4,45900
충청남도 천안서북구,백석2차아이파크,140.3879,5,49000
충청남도 천안서북구,백석리슈빌,130.8525,11,36400
충청남도 천안서북구,백석리슈빌,130.8525,12,35900
충청남도 천안서북구,백석리슈빌,130.8525,3,32350
충청남도 천안서북구,백석리슈빌,130.8525,20,33800
충청남도 천안서북구,백석마을아이파크,185.538,1,40300
충청남도 천안서북구,백석마을아이파크,185.538,5,45000
충청남도 천안서북구,천안백석푸르지오,110.655,5,35000
충청남도 천안서북구,천안백석푸르지오,110.655,4,34300
충청남도 천안서북구,천안백석푸르지오,130.2674,7,35500
충청남도 천안서북구,현대,132.58,15,12500
충청남도 천안서북구,대원칸타빌,133.852,9,33300
충청남도 천안서북구,대원칸타빌,133.852,4,32000
충청남도 천안서북구,동일하이빌,110.1,8,40000
충청남도 천안서북구,동일하이빌,110.1,10,39700
충청남도 천안서북구,동일하이빌,110.1,15,40000
충청남도 천안서북구,동일하이빌,110.1,11,42000
충청남도 천안서북구,동일하이빌,139.85,12,46700
충청남도 천안서북구,동일하이빌,110.1,15,40000
충청남도 천안서북구,천안불당우방아이유쉘트윈팰리스,170.57,6,49800
충청남도 천안서북구,호반리젠시빌스위트,146.372,7,39000
충청남도 천안서북구,호반리젠시빌스위트,117.5025,9,35400
충청남도 천안서북구,호반리젠시빌스위트,146.372,1,35200
충청남도 천안서북구,호반리젠시빌스위트,146.372,15,43000
충청남도 천안서북구,호반리젠시빌스위트,117.5025,1,33400
충청남도 천안서북구,선경,128.91,5,16000
충청남도 천안서북구,라이프타운,142.43,9,22500
충청남도 천안서북구,라이프타운,182.07,6,21000
충청남도 천안서북구,쌍용동일하이빌,114.771,8,27900
충청남도 천안서북구,쌍용동일하이빌,114.771,5,27000
충청남도 천안서북구,쌍용동일하이빌,114.771,11,27000
충청남도 천안서북구,쌍용모란,116.07,7,21200
충청남도 천안서북구,용암동아벽산,134.78,6,26500
충청남도 홍성군,신동아파밀리에,111.747,2,21500
충청남도 홍성군,미림청솔,132.12,13,14000
충청북도 제천시,장락e-편한세상,119.849,5,22000
충청북도 제천시,장락동롯데캐슬,118.19,6,24000
충청북도 제천시,장락동롯데캐슬,118.19,5,24000
충청북도 제천시,장락동롯데캐슬,136.11,13,26500
충청북도 제천시,장락동롯데캐슬,118.19,4,25000
충청북도 제천시,장락동롯데캐슬,118.19,3,24400
충청북도 제천시,장락로즈웰,131.029,15,17000
충청북도 제천시,장락파라디아,140.9681,18,26400
충청북도 제천시,코아루,176.7304,10,28200
충청북도 제천시,현대힐스테이트,121.004,7,28400
충청북도 제천시,현대힐스테이트,121.004,4,28000
충청북도 증평군,증평삼일,162.1,6,18400
충청북도 청주상당구,삼일,134.76,1,13000
충청북도 청주상당구,가좌마을용담이-편한세상,167.5642,10,37200
충청북도 청주상당구,세영첼시빌,157.041,1,26700
충청북도 청주상당구,우미린에듀파크2단지,113.9489,12,41900
충청북도 청주상당구,건영,134.61,15,17800
충청북도 청주상당구,현대1,173.15,5,23000
충청북도 청주서원구,삼익2,146.85,11,18500
충청북도 청주서원구,"대원,주은프레지던트 아파트",116.699,3,22900
충청북도 청주서원구,"대원,주은프레지던트 아파트",116.699,8,23200
충청북도 청주서원구,"대원,주은프레지던트 아파트",137.504,1,22000
충청북도 청주서원구,현대대우8단지,134.64,4,27500
충청북도 청주서원구,현대대우8단지,181.62,15,32800
충청북도 청주서원구,현대대우8단지,134.64,23,26500
충청북도 청주서원구,두산위브더제니스,122.52,28,31000
충청북도 청주서원구,두산위브더제니스,122.52,14,27500
충청북도 청주서원구,두산위브더제니스,143.847,33,40000
충청북도 청주서원구,푸르지오캐슬(101~117),176.01,8,40000
충청북도 청주서원구,대원칸타빌,115.214,18,26000
충청북도 청주서원구,계룡리슈빌,133.7416,10,42600
충청북도 청주서원구,계룡리슈빌,166.9333,2,43500
충청북도 청주서원구,세원홍실,138.81,7,16800
충청북도 청주서원구,한마음2,110.82,5,15000
충청북도 청주청원구,신동아,123.81,3,16200
충청북도 청주청원구,쌍용스윗닷홈오창예가,121.487,13,21600
충청북도 청주청원구,우림필유1차,120.07,2,21000
충청북도 청주청원구,중앙하이츠빌,129.21,1,22500
충청북도 청주청원구,중앙하이츠빌,147.8239,15,33500
충청북도 청주청원구,코아루,127.9279,11,27300
충청북도 청주청원구,한라비발디,129.851,5,24500
충청북도 청주청원구,한라비발디,161.863,3,25000
충청북도 청주청원구,두진백로그린타운,129.04,7,21700
충청북도 청주청원구,두진백로그린타운,129.04,2,22000
충청북도 청주흥덕구,가경이-편한세상,133.819,6,34000
충청북도 청주흥덕구,가경이-편한세상,133.819,11,37500
충청북도 청주흥덕구,가경이-편한세상,133.819,1,36000
충청북도 청주흥덕구,가경푸르지오,125.1409,15,31700
충청북도 청주흥덕구,가경푸르지오,125.1409,15,30000
충청북도 청주흥덕구,가로수마을대원칸타빌,115.5179,12,32800
충청북도 청주흥덕구,진로,134.88,14,22700
충청북도 청주흥덕구,진로,134.88,9,23000
충청북도 청주흥덕구,청원쌍용예가1단지,117.32,8,20500
충청북도 청주흥덕구,청원쌍용예가2단지,117.32,4,20400
충청북도 청주흥덕구,신영지웰,124.878,3,35200
충청북도 청주흥덕구,신영지웰,124.878,13,34700
충청북도 청주흥덕구,신영지웰시티 1차,124.816,27,47700
충청북도 청주흥덕구,신영지웰시티 1차,124.816,21,43500
충청북도 청주흥덕구,신영지웰시티 1차,124.816,21,47000
충청북도 청주흥덕구,신영지웰시티 1차,124.816,22,47000
충청북도 청주흥덕구,신영지웰시티 1차,124.816,3,45000
충청북도 청주흥덕구,신영지웰시티 1차,124.816,8,47000
충청북도 청주흥덕구,신영지웰시티 1차,124.816,12,45400
충청북도 청주흥덕구,신영지웰시티 1차,124.816,15,44800
충청북도 청주흥덕구,신영지웰시티 1차,124.816,29,48800
충청북도 청주흥덕구,신영지웰시티 1차,124.816,15,45000
충청북도 청주흥덕구,신영지웰시티 1차,124.816,11,44500
충청북도 청주흥덕구,신영지웰시티 1차,124.816,14,48000
충청북도 청주흥덕구,신영지웰시티 1차,124.816,13,48000
충청북도 청주흥덕구,신영지웰시티 1차,124.816,28,49500
충청북도 청주흥덕구,신영지웰시티 1차,124.816,19,46000
충청북도 청주흥덕구,신영지웰시티 1차,124.816,23,47500
충청북도 청주흥덕구,신영지웰시티 1차,124.816,9,47500
충청북도 청주흥덕구,신영지웰시티 1차,124.816,16,44500
충청북도 청주흥덕구,신영지웰시티 1차,124.816,34,49300
충청북도 청주흥덕구,신영지웰시티 1차,124.816,17,48500
충청북도 청주흥덕구,신영지웰시티 1차,124.816,6,46000
충청북도 청주흥덕구,신영지웰시티 1차,124.816,28,48000
충청북도 청주흥덕구,신영지웰시티 1차,124.816,24,49000
충청북도 청주흥덕구,신영지웰시티 1차,124.816,11,49200
충청북도 청주흥덕구,신영지웰시티 1차,124.816,22,43800
충청북도 청주흥덕구,신영지웰시티 1차,124.816,15,47400
충청북도 청주흥덕구,신영지웰시티 1차,124.816,4,46000
충청북도 청주흥덕구,신영지웰시티 1차,124.816,36,47800
충청북도 청주흥덕구,신영지웰시티 1차,124.816,29,49200
충청북도 청주흥덕구,신영지웰시티 1차,124.816,8,46400
충청북도 청주흥덕구,신영지웰시티 1차,152.652,3,48200
충청북도 청주흥덕구,신영지웰시티 1차,124.816,4,42000
충청북도 청주흥덕구,신영지웰시티 1차,124.816,25,48000
충청북도 청주흥덕구,신영지웰시티 1차,124.816,19,48000
충청북도 청주흥덕구,신영지웰시티 1차,124.816,18,45200
충청북도 청주흥덕구,신영지웰시티 1차,124.816,33,45000
충청북도 청주흥덕구,신영지웰시티 1차,124.816,12,48500
충청북도 청주흥덕구,신영지웰시티 1차,124.816,9,47700
충청북도 청주흥덕구,신영지웰시티 1차,124.816,39,46000
충청북도 청주흥덕구,어울림,123.61,4,34000
충청북도 청주흥덕구,하복대현대1,134.24,12,23200
충청북도 청주흥덕구,봉명아이파크,219.0313,14,49000
충청북도 청주흥덕구,봉명아이파크,127.6204,8,30000
충청북도 청주흥덕구,봉명아이파크,127.6204,6,29500
충청북도 청주흥덕구,청주비하계룡리슈빌2차,123.8117,2,28100
충청북도 청주흥덕구,청주비하계룡리슈빌2차,123.8117,10,28000
충청북도 청주흥덕구,삼정백조,164.58,6,20000
충청북도 청주흥덕구,우림필유,132.3215,2,28000
충청북도 청주흥덕구,오송힐데스하임,132.6331,20,40000
충청북도 충주시,럭키,156.79,10,19000
충청북도 충주시,럭키,156.79,3,15000
충청북도 충주시,럭키,125.48,10,15500
충청북도 충주시,엘리시아,136.1287,12,18500
충청북도 충주시,연수힐스테이트,143.2109,13,31500
충청북도 충주시,연수힐스테이트,116.5996,8,27200
충청북도 충주시,연수힐스테이트,116.5996,7,26500
충청북도 충주시,동일하이빌,122.823,12,23100
충청북도 충주시,삼일,143.58,12,18500
충청북도 충주시,삼일,143.58,3,16200
충청북도 충주시,우미린에듀시티,119.9162,14,35400
